experience_level,job_title,salary_in_usd,employee_residence,remote_ratio,company_location,company_size
SE,68,85847,ES,Remoto,ES,L
SE,36,175000,CA,Remoto,CA,M
SE,36,120000,CA,Remoto,CA,M
SE,6,222200,US,Presencial,US,L
SE,6,136000,US,Presencial,US,L
SE,36,219000,CA,Presencial,CA,M
SE,36,141000,CA,Presencial,CA,M
SE,36,147100,US,Presencial,US,M
SE,36,90700,US,Presencial,US,M
SE,18,130000,US,Remoto,US,M
SE,18,100000,US,Remoto,US,M
EN,6,213660,US,Presencial,US,L
EN,6,130760,US,Presencial,US,L
SE,28,147100,US,Presencial,US,M
SE,28,90700,US,Presencial,US,M
SE,36,170000,US,Presencial,US,M
SE,36,150000,US,Presencial,US,M
MI,18,150000,US,Remoto,US,M
MI,18,110000,US,Remoto,US,M
SE,2,143200,GB,Remoto,GB,M
SE,14,156400,US,Presencial,US,M
SE,56,200000,US,Presencial,US,M
SE,56,130000,US,Presencial,US,M
SE,39,90000,CA,Presencial,CA,M
SE,39,72000,CA,Presencial,CA,M
SE,24,90700,US,Presencial,US,M
SE,16,184590,US,Presencial,US,M
MI,24,162500,US,Presencial,US,M
MI,24,130000,US,Presencial,US,M
MI,18,105380,US,Presencial,US,M
MI,18,64500,US,Presencial,US,M
MI,56,20984,IN,Hibrido,IN,L
EN,6,204620,US,Presencial,US,L
EN,6,110680,US,Presencial,US,L
SE,24,221484,US,Presencial,US,M
SE,36,212750,US,Remoto,US,M
SE,36,185000,US,Remoto,US,M
SE,36,183500,US,Remoto,US,M
SE,36,218500,US,Remoto,US,M
SE,36,199098,US,Remoto,US,M
SE,24,203300,US,Remoto,US,M
SE,24,123600,US,Remoto,US,M
SE,71,189110,US,Presencial,US,M
SE,71,139000,US,Presencial,US,M
EX,36,185000,US,Presencial,US,M
SE,24,166000,US,Remoto,US,M
SE,36,172500,US,Remoto,US,M
SE,36,110500,US,Remoto,US,M
SE,24,176000,US,Presencial,US,M
SE,24,201450,US,Remoto,US,M
SE,6,159100,US,Presencial,US,L
SE,24,115000,US,Presencial,US,M
SE,24,81500,US,Presencial,US,M
SE,36,201450,US,Remoto,US,M
SE,16,210000,US,Presencial,US,M
SE,23,168100,US,Remoto,US,M
SE,24,193500,US,Remoto,US,M
SE,24,139000,US,Remoto,US,M
SE,56,150000,PT,Remoto,US,M
SE,14,185900,US,Presencial,US,M
SE,14,129300,US,Presencial,US,M
SE,24,175000,US,Remoto,US,M
SE,24,185000,US,Presencial,US,M
SE,24,140000,US,Presencial,US,M
SE,36,48289,ES,Presencial,ES,M
SE,36,38631,ES,Presencial,ES,M
SE,36,105000,US,Presencial,US,M
SE,36,70000,US,Presencial,US,M
EN,56,163196,US,Presencial,US,M
EN,56,145885,US,Presencial,US,M
SE,24,217000,US,Remoto,US,M
SE,24,185000,US,Remoto,US,M
SE,18,202800,US,Presencial,US,L
SE,18,104300,US,Presencial,US,L
SE,18,145000,US,Presencial,US,M
SE,18,65000,US,Presencial,US,M
SE,24,165000,US,Presencial,US,M
SE,24,132300,US,Presencial,US,M
SE,24,179170,US,Presencial,US,M
SE,24,94300,US,Presencial,US,M
SE,2,152500,US,Presencial,US,M
SE,2,116450,US,Presencial,US,M
SE,24,133800,US,Presencial,US,M
SE,71,203000,US,Presencial,US,M
SE,71,133000,US,Presencial,US,M
EN,72,220000,US,Hibrido,US,L
SE,36,150000,US,Presencial,US,M
SE,36,120000,US,Presencial,US,M
SE,2,214000,US,Presencial,US,M
SE,2,179820,US,Presencial,US,M
SE,2,143860,US,Presencial,US,M
SE,56,188800,US,Remoto,US,M
SE,2,214200,US,Presencial,US,M
SE,24,185900,US,Presencial,US,M
SE,24,129300,US,Presencial,US,M
SE,24,129000,US,Presencial,US,M
MI,21,155000,US,Presencial,US,M
MI,21,140000,US,Presencial,US,M
SE,24,161800,US,Remoto,US,M
SE,24,141600,US,Remoto,US,M
SE,56,176100,US,Presencial,US,L
MI,24,100000,US,Remoto,US,M
MI,24,70000,US,Remoto,US,M
EN,24,85000,US,Presencial,US,M
EN,24,65000,US,Presencial,US,M
SE,36,138784,US,Remoto,US,M
SE,36,83270,US,Remoto,US,M
EN,18,75000,US,Presencial,US,M
EN,18,70000,US,Presencial,US,M
SE,18,204500,US,Presencial,US,M
SE,18,138900,US,Presencial,US,M
SE,56,212200,US,Remoto,US,M
SE,24,95000,US,Remoto,US,M
SE,24,75000,US,Remoto,US,M
SE,36,195000,US,Presencial,US,M
SE,36,160000,US,Presencial,US,M
SE,2,143200,US,Presencial,US,M
MI,24,100000,US,Remoto,US,M
MI,24,70000,US,Remoto,US,M
MI,13,105000,US,Hibrido,US,L
MI,3,20670,IN,Remoto,IN,L
MI,18,46178,GB,Presencial,GB,M
MI,18,42533,GB,Presencial,GB,M
SE,24,145000,US,Presencial,US,M
SE,24,115000,US,Presencial,US,M
SE,18,168400,US,Presencial,US,M
SE,18,105200,US,Presencial,US,M
SE,6,159100,US,Presencial,US,L
SE,56,190000,US,Presencial,US,M
SE,56,150000,US,Presencial,US,M
MI,24,162500,US,Presencial,US,M
MI,24,130000,US,Presencial,US,M
SE,2,150000,US,Remoto,US,M
SE,2,120000,US,Remoto,US,M
SE,24,145000,US,Presencial,US,M
SE,24,120000,US,Presencial,US,M
SE,6,222200,US,Presencial,US,L
SE,6,136000,US,Presencial,US,L
SE,24,155000,US,Presencial,US,M
SE,24,220000,US,Remoto,US,M
SE,24,190000,US,Remoto,US,M
MI,36,66837,GB,Presencial,GB,M
MI,36,54685,GB,Presencial,GB,M
MI,43,85066,GB,Remoto,GB,M
MI,43,57723,GB,Remoto,GB,M
EN,18,85000,US,Remoto,US,M
EN,18,75000,US,Remoto,US,M
SE,24,160000,US,Presencial,US,M
SE,24,140000,US,Presencial,US,M
SE,36,186000,US,Presencial,US,M
SE,36,190000,US,Presencial,US,M
SE,36,170000,US,Presencial,US,M
MI,71,200000,US,Presencial,US,M
SE,23,180000,US,Remoto,US,M
SE,23,115000,US,Remoto,US,M
SE,23,200000,US,Remoto,US,M
SE,23,115000,US,Remoto,US,M
EX,24,220000,US,Presencial,US,M
EX,24,205000,US,Presencial,US,M
MI,24,180000,US,Presencial,US,M
MI,24,130000,US,Presencial,US,M
SE,24,200000,US,Remoto,US,M
SE,24,150000,US,Remoto,US,M
SE,16,215000,US,Presencial,US,M
SE,16,170000,US,Presencial,US,M
SE,56,172200,US,Presencial,US,M
SE,36,176000,CA,Presencial,CA,M
SE,18,120000,US,Remoto,US,M
SE,18,75000,US,Remoto,US,M
EN,24,17022,IN,Remoto,IN,L
SE,18,140000,US,Presencial,US,M
SE,18,120000,US,Presencial,US,M
SE,24,128000,US,Presencial,US,M
SE,24,81500,US,Presencial,US,M
SE,24,145000,US,Presencial,US,M
SE,24,115000,US,Presencial,US,M
SE,24,185000,US,Presencial,US,M
SE,24,140000,US,Presencial,US,M
SE,31,100000,US,Presencial,US,M
SE,31,80000,US,Presencial,US,M
SE,36,162500,US,Presencial,US,M
MI,0,200000,US,Remoto,US,M
SE,24,145000,US,Presencial,US,M
SE,24,100000,US,Presencial,US,M
EX,24,145000,US,Presencial,US,M
EX,24,115000,US,Presencial,US,M
SE,36,203500,US,Presencial,US,M
SE,36,152000,US,Presencial,US,M
SE,36,122900,US,Presencial,US,L
SE,36,145000,US,Presencial,US,M
SE,35,191765,US,Presencial,US,M
SE,35,134236,US,Presencial,US,M
SE,2,190000,US,Remoto,US,M
SE,2,112000,US,Remoto,US,M
SE,36,88256,ES,Remoto,GB,L
EN,24,85000,US,Presencial,US,M
EN,24,65000,US,Presencial,US,M
SE,18,135000,US,Presencial,US,M
SE,18,105500,US,Presencial,US,M
SE,71,185000,US,Presencial,US,M
SE,18,80000,US,Presencial,US,M
SE,18,70000,US,Presencial,US,M
SE,24,220000,US,Remoto,US,M
SE,24,160000,US,Remoto,US,M
SE,36,175000,US,Remoto,US,M
SE,36,145000,US,Remoto,US,M
SE,18,200000,US,Presencial,US,M
SE,18,148500,US,Presencial,US,M
SE,36,48289,ES,Presencial,ES,M
SE,36,38631,ES,Presencial,ES,M
SE,24,123700,US,Presencial,US,L
SE,2,152900,US,Remoto,US,M
SE,2,117100,US,Remoto,US,M
SE,2,173000,US,Remoto,US,M
SE,2,113000,US,Remoto,US,M
SE,6,136000,US,Presencial,US,L
EX,24,175000,US,Presencial,US,M
EX,24,110000,US,Presencial,US,M
SE,6,136000,US,Presencial,US,L
SE,72,130000,US,Remoto,US,M
SE,72,110000,US,Remoto,US,M
SE,6,205000,US,Remoto,US,M
SE,6,184000,US,Remoto,US,M
SE,18,149500,US,Remoto,US,M
SE,18,127075,US,Remoto,US,M
SE,36,195000,US,Presencial,US,M
SE,36,160000,US,Presencial,US,M
SE,24,219535,US,Remoto,US,M
SE,24,146115,US,Remoto,US,M
SE,36,170000,US,Presencial,US,M
SE,36,135000,US,Presencial,US,M
SE,36,175000,US,Remoto,US,M
SE,36,145000,US,Remoto,US,M
SE,36,199000,US,Presencial,US,M
SE,36,162000,US,Presencial,US,M
SE,6,222200,US,Presencial,US,L
SE,6,136000,US,Presencial,US,L
EX,2,221000,US,Remoto,US,M
EX,2,153000,US,Remoto,US,M
SE,18,187000,US,Presencial,US,M
SE,18,128000,US,Presencial,US,M
SE,72,210000,US,Presencial,US,M
SE,72,136000,US,Presencial,US,M
SE,36,175000,US,Remoto,US,M
SE,36,100000,US,Remoto,US,M
SE,24,179000,US,Presencial,US,M
SE,24,109000,US,Presencial,US,M
SE,36,180000,US,Presencial,US,M
SE,18,142000,US,Remoto,US,M
SE,18,75000,US,Remoto,US,M
SE,27,198800,US,Presencial,US,M
SE,27,105200,US,Presencial,US,M
SE,18,125000,US,Remoto,US,M
SE,18,112000,US,Remoto,US,M
SE,36,210000,US,Presencial,US,M
SE,36,155000,US,Presencial,US,M
SE,27,115000,US,Remoto,US,M
SE,27,86000,US,Remoto,US,M
SE,36,165000,US,Presencial,US,M
SE,36,140000,US,Presencial,US,M
SE,18,139000,US,Presencial,US,M
SE,18,106000,US,Presencial,US,M
EN,18,40663,CA,Presencial,CA,L
MI,56,150450,US,Remoto,US,M
EN,36,51753,CA,Remoto,CA,L
SE,23,159500,US,Presencial,US,M
SE,24,145000,US,Presencial,US,M
SE,24,115000,US,Presencial,US,M
SE,18,140000,US,Presencial,US,M
SE,18,120000,US,Presencial,US,M
EN,36,130001,US,Remoto,US,M
EN,36,71907,US,Remoto,US,M
MI,36,93918,US,Remoto,US,M
MI,36,51962,US,Remoto,US,M
SE,18,175000,CA,Remoto,CA,M
SE,18,135000,CA,Remoto,CA,M
EN,24,85000,US,Presencial,US,M
EN,24,65000,US,Presencial,US,M
SE,56,147000,US,Presencial,US,M
SE,24,222000,US,Remoto,US,M
SE,24,175000,US,Remoto,US,M
SE,36,203000,US,Remoto,US,M
SE,36,133200,US,Remoto,US,M
EN,6,213660,US,Presencial,US,L
EN,6,130760,US,Presencial,US,L
SE,24,221000,US,Presencial,US,M
SE,24,147000,US,Presencial,US,M
SE,31,100000,US,Presencial,US,M
SE,31,80000,US,Presencial,US,M
SE,36,185900,US,Presencial,US,M
SE,36,129300,US,Presencial,US,M
SE,36,156000,US,Remoto,US,M
SE,56,199000,US,Remoto,US,M
MI,12,48289,ES,Remoto,ES,M
SE,24,150000,US,Presencial,US,M
SE,24,130000,US,Presencial,US,M
SE,36,140000,US,Remoto,US,M
SE,36,110000,US,Remoto,US,M
MI,18,90000,US,Presencial,US,M
MI,18,75000,US,Presencial,US,M
MI,72,195895,GB,Presencial,GB,M
MI,72,102772,GB,Presencial,GB,M
SE,24,183600,US,Presencial,US,M
MI,38,130000,US,Presencial,US,M
MI,38,80000,US,Presencial,US,M
SE,24,150000,US,Presencial,US,M
SE,21,160000,US,Remoto,US,M
SE,21,120000,US,Remoto,US,M
SE,56,202353,US,Presencial,US,M
SE,24,145000,US,Presencial,US,M
SE,24,120000,US,Presencial,US,M
SE,18,155000,US,Presencial,US,M
SE,18,106000,US,Presencial,US,M
SE,24,200000,US,Presencial,US,M
SE,24,160000,US,Presencial,US,M
SE,36,157750,US,Remoto,US,M
SE,36,104650,US,Remoto,US,M
MI,36,180000,US,Remoto,US,M
MI,36,140000,US,Remoto,US,M
EX,36,200000,US,Presencial,US,M
EX,36,145000,US,Presencial,US,M
MI,49,68000,US,Presencial,US,L
EN,9,60000,US,Remoto,US,M
SE,36,48289,ES,Presencial,ES,M
SE,36,38631,ES,Presencial,ES,M
EN,24,85000,US,Presencial,US,M
EN,24,65000,US,Presencial,US,M
MI,24,125000,US,Presencial,US,M
MI,24,90000,US,Presencial,US,M
SE,18,105000,US,Remoto,US,M
SE,18,90000,US,Remoto,US,M
SE,2,179820,US,Presencial,US,M
SE,2,143860,US,Presencial,US,M
SE,18,135000,US,Presencial,US,M
SE,18,105500,US,Presencial,US,M
EN,71,155000,US,Presencial,US,M
EN,71,125000,US,Presencial,US,M
SE,56,181000,US,Presencial,US,M
SE,36,154000,US,Presencial,US,M
EX,23,180000,US,Presencial,US,M
EX,23,155000,US,Presencial,US,M
SE,36,191765,US,Presencial,US,M
SE,36,134236,US,Presencial,US,M
SE,36,175000,US,Remoto,US,M
SE,36,145000,US,Remoto,US,M
SE,36,145000,US,Remoto,US,M
EN,71,155000,US,Presencial,US,M
EN,71,125000,US,Presencial,US,M
SE,18,80000,US,Presencial,US,M
SE,18,70000,US,Presencial,US,M
SE,24,146000,US,Presencial,US,M
SE,24,75000,US,Presencial,US,M
EN,18,64200,US,Remoto,US,M
EN,18,56100,US,Remoto,US,M
SE,56,170000,US,Presencial,US,M
SE,56,130000,US,Presencial,US,M
SE,18,208450,US,Remoto,US,M
SE,18,170550,US,Remoto,US,M
SE,56,125000,US,Presencial,US,M
SE,56,100000,US,Presencial,US,M
MI,27,135000,US,Presencial,US,M
MI,27,120000,US,Presencial,US,M
SE,36,200000,US,Remoto,US,M
SE,36,170000,US,Remoto,US,M
SE,6,222200,US,Presencial,US,L
SE,6,136000,US,Presencial,US,L
SE,6,136000,US,Presencial,US,L
SE,18,153600,US,Presencial,US,M
SE,18,100500,US,Presencial,US,M
SE,6,205000,US,Remoto,US,M
SE,6,184000,US,Remoto,US,M
SE,56,115000,CA,Remoto,CA,M
SE,56,95000,CA,Remoto,CA,M
MI,18,182500,US,Presencial,US,M
MI,18,121500,US,Presencial,US,M
SE,24,203100,US,Presencial,US,M
SE,24,114500,US,Presencial,US,M
MI,18,72914,GB,Presencial,GB,M
MI,18,54685,GB,Presencial,GB,M
SE,24,129000,US,Presencial,US,M
EN,24,92700,US,Remoto,US,M
EN,24,61800,US,Remoto,US,M
SE,24,160000,US,Remoto,US,M
SE,24,130000,US,Remoto,US,M
SE,36,190000,CA,Presencial,CA,M
SE,36,170000,US,Presencial,US,M
SE,36,135000,US,Presencial,US,M
MI,23,167500,US,Presencial,US,M
MI,23,106500,US,Presencial,US,M
SE,36,195000,US,Presencial,US,M
SE,36,160000,US,Presencial,US,M
MI,24,146000,US,Presencial,US,M
MI,24,75000,US,Presencial,US,M
EX,24,207000,US,Remoto,US,M
SE,18,100000,US,Remoto,US,M
SE,18,80000,US,Remoto,US,M
SE,24,178600,US,Presencial,US,M
MI,61,220000,US,Presencial,US,M
SE,36,198200,US,Remoto,US,M
MI,72,210000,US,Remoto,US,M
MI,72,151800,US,Remoto,US,M
SE,36,200000,US,Remoto,US,M
SE,36,170000,US,Remoto,US,M
SE,36,170730,US,Presencial,US,M
SE,24,128000,US,Presencial,US,M
SE,24,81500,US,Presencial,US,M
EN,13,21461,ES,Presencial,ES,M
MI,54,134000,US,Remoto,US,M
MI,54,124000,US,Remoto,US,M
SE,24,171250,US,Presencial,US,M
SE,24,113750,US,Presencial,US,M
SE,24,165000,US,Presencial,US,M
SE,24,132300,US,Presencial,US,M
SE,36,175000,US,Presencial,US,M
SE,24,124500,US,Presencial,US,M
SE,56,172200,US,Presencial,US,M
SE,18,175000,US,Presencial,US,M
SE,18,145000,US,Presencial,US,M
SE,18,148700,US,Presencial,US,M
SE,18,125600,US,Presencial,US,M
SE,24,145000,US,Presencial,US,M
SE,24,115000,US,Presencial,US,M
SE,72,200000,US,Presencial,US,M
SE,72,150000,US,Presencial,US,M
EN,71,160000,US,Presencial,US,M
EN,71,120000,US,Presencial,US,M
SE,18,185000,US,Remoto,US,M
SE,18,120250,US,Remoto,US,M
SE,36,183000,US,Remoto,US,M
SE,23,170000,US,Remoto,US,M
SE,23,125000,US,Remoto,US,M
MI,23,167500,US,Presencial,US,M
MI,23,106500,US,Presencial,US,M
SE,72,200000,US,Presencial,US,M
MI,56,135000,US,Hibrido,US,L
SE,56,216000,US,Remoto,US,M
SE,56,184000,US,Remoto,US,M
SE,24,180000,US,Remoto,US,M
SE,24,165000,US,Remoto,US,M
SE,36,185900,US,Presencial,US,M
SE,36,129300,US,Presencial,US,M
SE,24,145000,US,Presencial,US,M
SE,24,120000,US,Presencial,US,M
MI,24,143865,US,Presencial,US,M
MI,24,115092,US,Presencial,US,M
MI,56,130000,US,Presencial,US,M
MI,56,90000,US,Presencial,US,M
SE,36,173000,US,Remoto,US,M
SE,36,132000,US,Remoto,US,M
SE,18,208049,US,Presencial,US,M
SE,18,128500,US,Presencial,US,M
SE,2,179820,US,Presencial,US,M
SE,2,143860,US,Presencial,US,M
SE,24,167500,US,Presencial,US,M
SE,24,106500,US,Presencial,US,M
SE,36,183500,US,Remoto,US,M
MI,24,149600,US,Presencial,US,M
MI,24,102000,US,Presencial,US,M
EX,36,145000,US,Presencial,US,M
EX,36,100000,US,Presencial,US,M
SE,18,190000,US,Remoto,US,M
SE,18,95000,US,Remoto,US,M
SE,18,153600,US,Presencial,US,M
SE,18,106800,US,Presencial,US,M
MI,18,128000,US,Presencial,US,M
MI,18,85000,US,Presencial,US,M
MI,24,151000,US,Presencial,US,M
MI,24,140000,US,Presencial,US,M
SE,36,183500,US,Remoto,US,M
SE,61,220000,US,Presencial,US,M
SE,61,170000,US,Presencial,US,M
SE,18,135000,US,Presencial,US,M
SE,18,105500,US,Presencial,US,M
SE,18,100000,US,Remoto,US,M
SE,18,80000,US,Remoto,US,M
SE,24,160000,CA,Remoto,CA,M
SE,24,145000,CA,Remoto,CA,M
MI,18,154000,US,Presencial,US,M
MI,18,143000,US,Presencial,US,M
MI,36,78990,GB,Presencial,GB,M
MI,36,51039,GB,Presencial,GB,M
EN,36,190000,US,Presencial,US,M
EN,36,120000,US,Presencial,US,M
MI,36,85066,GB,Presencial,GB,M
MI,36,51039,GB,Presencial,GB,M
MI,36,109371,GB,Presencial,GB,M
MI,36,72914,GB,Presencial,GB,M
SE,24,150000,US,Presencial,US,M
SE,24,111000,US,Presencial,US,M
SE,24,160000,US,Remoto,US,M
SE,24,130000,US,Remoto,US,M
MI,24,75000,US,Remoto,US,M
MI,24,60400,US,Remoto,US,M
EN,18,85000,US,Remoto,US,M
EN,18,75000,US,Remoto,US,M
SE,24,129000,US,Presencial,US,M
EN,24,92700,US,Remoto,US,M
EN,24,61800,US,Remoto,US,M
MI,18,83500,US,Remoto,US,M
MI,18,52500,US,Remoto,US,M
SE,36,201036,US,Presencial,US,M
SE,36,134024,US,Presencial,US,M
SE,18,165000,US,Remoto,US,M
SE,18,140000,US,Remoto,US,M
EN,24,62000,US,Remoto,US,M
EN,24,58000,US,Remoto,US,M
SE,36,172000,US,Presencial,US,M
SE,36,115000,US,Presencial,US,M
EN,24,125000,US,Presencial,US,M
EN,24,90000,US,Presencial,US,M
SE,24,163800,US,Presencial,US,M
SE,24,126000,US,Presencial,US,M
SE,36,145000,US,Remoto,US,M
MI,24,90000,US,Remoto,US,M
MI,24,90000,US,Remoto,US,M
SE,24,139500,US,Presencial,US,M
SE,24,109400,US,Presencial,US,M
SE,36,190000,CA,Presencial,CA,M
MI,24,145000,US,Presencial,US,M
MI,24,120000,US,Presencial,US,M
SE,24,205600,US,Presencial,US,L
SE,24,105700,US,Presencial,US,L
SE,24,129000,US,Presencial,US,M
SE,36,159832,US,Presencial,US,M
SE,36,186300,US,Remoto,US,M
SE,36,102500,US,Remoto,US,M
SE,24,165000,US,Presencial,US,M
SE,24,132300,US,Presencial,US,M
SE,36,190000,US,Presencial,US,M
SE,36,126000,US,Presencial,US,M
SE,23,149040,US,Remoto,US,M
SE,23,113900,US,Remoto,US,M
SE,24,153600,US,Remoto,US,M
SE,24,106800,US,Remoto,US,M
SE,24,172600,US,Remoto,US,M
SE,24,107900,US,Remoto,US,M
SE,18,180180,US,Presencial,US,M
SE,18,106020,US,Presencial,US,M
SE,23,213120,US,Remoto,US,M
SE,18,153600,US,Presencial,US,M
SE,18,100500,US,Presencial,US,M
SE,18,206500,US,Remoto,US,M
SE,18,121600,US,Remoto,US,M
EX,24,194500,US,Presencial,US,M
EX,24,115500,US,Presencial,US,M
SE,15,170000,US,Remoto,US,L
SE,5,90000,US,Remoto,US,L
EN,18,95000,US,Remoto,US,M
EN,18,70000,US,Remoto,US,M
SE,24,160000,US,Presencial,US,M
SE,18,115934,US,Remoto,US,M
SE,18,81666,US,Remoto,US,M
SE,36,175000,US,Presencial,US,M
SE,36,120000,US,Presencial,US,M
SE,56,150000,US,Remoto,US,M
SE,56,120000,US,Remoto,US,M
SE,71,200000,US,Presencial,US,M
SE,71,175000,US,Presencial,US,M
MI,18,206000,US,Presencial,US,M
MI,18,130000,US,Presencial,US,M
SE,23,138000,GB,Remoto,GB,M
SE,23,92000,GB,Remoto,GB,M
SE,18,110000,US,Remoto,US,M
SE,18,75000,US,Remoto,US,M
SE,2,130000,US,Presencial,US,M
SE,2,87000,US,Presencial,US,M
MI,18,160000,US,Presencial,US,M
MI,18,112000,US,Presencial,US,M
MI,24,162500,US,Presencial,US,M
MI,24,130000,US,Presencial,US,M
MI,36,145000,US,Presencial,US,M
MI,36,100000,US,Presencial,US,M
SE,24,147100,US,Presencial,US,M
SE,24,90700,US,Presencial,US,M
EN,24,115100,US,Presencial,US,M
EN,24,73900,US,Presencial,US,M
SE,24,168400,US,Presencial,US,M
SE,24,105200,US,Presencial,US,M
SE,36,210000,US,Presencial,US,M
SE,36,160000,US,Presencial,US,M
MI,36,145000,US,Presencial,US,M
MI,36,100000,US,Presencial,US,M
SE,6,222200,US,Presencial,US,L
SE,6,136000,US,Presencial,US,L
MI,18,100000,US,Presencial,US,M
MI,18,85000,US,Presencial,US,M
MI,24,85066,GB,Remoto,GB,M
MI,24,57723,GB,Remoto,GB,M
EX,36,200000,US,Presencial,US,M
EX,36,145000,US,Presencial,US,M
MI,24,140000,US,Presencial,US,M
MI,24,95000,US,Presencial,US,M
SE,18,185000,US,Remoto,US,M
SE,18,120250,US,Remoto,US,M
MI,44,130000,US,Remoto,US,L
SE,36,205000,US,Presencial,US,M
SE,36,140000,US,Presencial,US,M
SE,36,198200,US,Remoto,US,M
SE,72,141288,US,Presencial,US,M
SE,72,94192,US,Presencial,US,M
SE,25,184000,US,Remoto,US,M
SE,25,143000,US,Remoto,US,M
SE,18,70000,US,Presencial,US,M
SE,18,55000,US,Presencial,US,M
SE,2,183500,US,Remoto,US,M
MI,18,75000,US,Remoto,US,M
MI,18,65000,US,Remoto,US,M
MI,53,160000,US,Presencial,US,M
MI,53,147000,US,Presencial,US,M
SE,23,149040,US,Remoto,US,M
SE,23,113900,US,Remoto,US,M
SE,18,180180,US,Presencial,US,M
SE,18,106020,US,Presencial,US,M
MI,36,17022,IN,Remoto,IN,L
MI,49,18238,IN,Hibrido,IN,L
MI,56,150000,US,Presencial,US,M
SE,24,139500,US,Presencial,US,M
SE,24,109400,US,Presencial,US,M
SE,36,105000,US,Presencial,US,M
SE,36,70000,US,Presencial,US,M
EX,24,210914,US,Remoto,US,M
EX,24,116704,US,Remoto,US,M
EN,72,150000,US,Presencial,US,M
EN,72,100000,US,Presencial,US,M
SE,24,146000,US,Presencial,US,M
SE,24,75000,US,Presencial,US,M
EN,18,75000,US,Remoto,US,M
EN,18,60000,US,Remoto,US,M
MI,2,185700,US,Presencial,US,M
MI,2,165000,US,Presencial,US,M
SE,24,160000,US,Remoto,US,M
SE,24,130000,US,Remoto,US,M
SE,18,169000,US,Presencial,US,M
SE,18,110600,US,Presencial,US,M
SE,30,193000,US,Remoto,US,M
SE,30,136850,US,Remoto,US,M
SE,56,139500,US,Presencial,US,M
SE,56,109400,US,Presencial,US,M
SE,24,178500,US,Remoto,US,M
MI,36,59020,ES,Presencial,ES,M
MI,36,48289,ES,Presencial,ES,M
SE,56,195652,GB,Presencial,GB,M
SE,56,101228,GB,Presencial,GB,M
SE,24,136956,GB,Presencial,GB,M
SE,24,101228,GB,Presencial,GB,M
SE,24,129000,US,Presencial,US,M
SE,10,130000,US,Remoto,US,L
SE,24,163800,US,Presencial,US,M
SE,24,126000,US,Presencial,US,M
SE,53,110000,CA,Remoto,CA,M
SE,2,170000,US,Remoto,US,M
SE,2,130000,US,Remoto,US,M
SE,56,172200,US,Presencial,US,M
SE,36,159832,US,Presencial,US,M
SE,56,163800,US,Presencial,US,M
SE,56,126000,US,Presencial,US,M
MI,36,128750,US,Presencial,US,M
MI,36,106250,US,Presencial,US,M
SE,24,129000,US,Presencial,US,M
MI,21,155000,US,Presencial,US,M
MI,21,140000,US,Presencial,US,M
EX,24,167500,US,Presencial,US,M
EX,24,106500,US,Presencial,US,M
SE,23,188500,US,Remoto,US,M
SE,23,117000,US,Remoto,US,M
SE,18,138000,US,Remoto,US,M
MI,18,130000,CA,Remoto,CA,M
MI,18,100000,CA,Remoto,CA,M
SE,24,140000,US,Presencial,US,M
SE,24,120000,US,Presencial,US,M
SE,7,160000,US,Presencial,US,M
SE,7,135000,US,Presencial,US,M
MI,35,104500,US,Presencial,US,M
MI,35,70000,US,Presencial,US,M
MI,32,90000,US,Presencial,US,M
MI,32,70000,US,Presencial,US,M
SE,24,153600,US,Remoto,US,M
SE,24,106800,US,Remoto,US,M
EN,24,125000,US,Presencial,US,M
EN,24,90000,US,Presencial,US,M
MI,72,185000,US,Remoto,US,M
MI,72,125000,US,Remoto,US,M
SE,18,127000,US,Remoto,US,M
SE,18,94000,US,Remoto,US,M
SE,36,210550,US,Presencial,US,M
SE,36,153300,US,Presencial,US,M
MI,36,200000,US,Remoto,US,M
MI,36,150000,US,Remoto,US,M
SE,18,161500,US,Remoto,US,M
SE,18,119500,US,Remoto,US,M
SE,18,175000,US,Presencial,US,M
SE,18,145000,US,Presencial,US,M
SE,36,175000,US,Presencial,US,M
SE,36,148750,US,Presencial,US,M
SE,22,105000,US,Presencial,US,M
SE,22,85000,US,Presencial,US,M
SE,72,215000,US,Presencial,US,M
SE,72,146300,US,Presencial,US,M
SE,56,153400,US,Presencial,US,M
SE,56,122700,US,Presencial,US,M
MI,24,175000,US,Presencial,US,M
SE,36,186300,US,Remoto,US,M
SE,36,123900,US,Remoto,US,M
MI,72,150000,US,Remoto,US,M
SE,56,153400,US,Presencial,US,M
SE,56,122700,US,Presencial,US,M
MI,24,175000,US,Presencial,US,M
SE,18,185900,US,Presencial,US,M
SE,18,121700,US,Presencial,US,M
SE,18,153600,US,Presencial,US,M
SE,18,106800,US,Presencial,US,M
EN,18,100000,UZ,Remoto,US,L
SE,56,172200,US,Presencial,US,M
SE,18,125000,US,Presencial,US,M
SE,18,110000,US,Presencial,US,M
EN,18,150000,US,Presencial,US,M
EN,18,100000,US,Presencial,US,M
SE,36,149076,US,Presencial,US,M
SE,36,82365,US,Presencial,US,M
MI,24,146000,US,Presencial,US,M
MI,24,75000,US,Presencial,US,M
SE,56,139500,US,Presencial,US,M
SE,56,109400,US,Presencial,US,M
SE,24,139500,US,Presencial,US,M
SE,24,109400,US,Presencial,US,M
MI,24,149600,US,Presencial,US,M
MI,24,102000,US,Presencial,US,M
MI,18,97218,GB,Presencial,GB,M
MI,18,48609,GB,Presencial,GB,M
SE,24,129000,US,Presencial,US,M
SE,18,95000,US,Presencial,US,M
SE,18,85500,US,Presencial,US,M
SE,18,185900,US,Presencial,US,M
SE,18,121700,US,Presencial,US,M
EN,72,150000,US,Presencial,US,M
EN,72,100000,US,Presencial,US,M
MI,24,145000,US,Presencial,US,M
MI,24,125000,US,Presencial,US,M
MI,36,150000,US,Remoto,US,M
MI,36,97750,US,Remoto,US,M
SE,36,201000,US,Presencial,US,M
SE,36,122000,US,Presencial,US,M
SE,24,129000,US,Presencial,US,M
SE,18,120000,US,Remoto,US,M
SE,18,75000,US,Remoto,US,M
MI,36,116990,US,Remoto,US,M
MI,36,82920,US,Remoto,US,M
SE,36,185900,US,Presencial,US,M
SE,36,129300,US,Presencial,US,M
MI,61,200000,US,Presencial,US,S
MI,61,125000,US,Presencial,US,S
SE,36,201000,US,Presencial,US,M
SE,36,122000,US,Presencial,US,M
SE,56,204500,US,Presencial,US,M
SE,56,142200,US,Presencial,US,M
SE,27,155000,US,Presencial,US,M
SE,27,140000,US,Presencial,US,M
MI,57,205920,US,Presencial,US,M
MI,57,171600,US,Presencial,US,M
SE,24,121500,US,Remoto,US,M
SE,24,78000,US,Remoto,US,M
MI,24,154000,US,Presencial,US,M
MI,24,116000,US,Presencial,US,M
SE,36,190000,US,Presencial,US,M
SE,36,136000,US,Presencial,US,M
MI,18,78990,GB,Remoto,GB,M
MI,18,43809,GB,Remoto,GB,M
SE,18,180000,US,Presencial,US,M
SE,18,110000,US,Presencial,US,M
SE,36,183000,US,Remoto,US,M
SE,24,170000,US,Presencial,US,M
SE,24,140000,US,Presencial,US,M
SE,24,154000,US,Presencial,US,M
SE,24,116000,US,Presencial,US,M
SE,24,160000,US,Remoto,US,M
SE,24,130000,US,Remoto,US,M
MI,24,200000,US,Presencial,US,M
MI,24,120000,US,Presencial,US,M
SE,36,175000,US,Remoto,US,M
SE,36,160000,US,Remoto,US,M
MI,24,127599,GB,Presencial,GB,M
MI,24,103294,GB,Presencial,GB,M
SE,24,153600,US,Presencial,US,M
SE,24,106800,US,Presencial,US,M
EN,18,85000,US,Remoto,US,M
EN,18,75000,US,Remoto,US,M
SE,36,156400,US,Presencial,US,M
SE,2,150000,US,Presencial,US,M
SE,2,120000,US,Presencial,US,M
SE,56,163800,US,Presencial,US,M
SE,56,126000,US,Presencial,US,M
SE,18,145000,US,Remoto,US,M
SE,18,90000,US,Remoto,US,M
SE,56,204500,US,Presencial,US,M
SE,56,142200,US,Presencial,US,M
SE,18,95000,US,Presencial,US,M
SE,18,85500,US,Presencial,US,M
SE,24,167500,US,Presencial,US,M
SE,24,106500,US,Presencial,US,M
SE,24,163800,US,Presencial,US,M
SE,24,126000,US,Presencial,US,M
MI,21,155000,US,Presencial,US,M
MI,21,140000,US,Presencial,US,M
SE,72,200000,US,Presencial,US,M
SE,36,186000,US,Presencial,US,M
SE,24,160000,US,Remoto,US,M
SE,24,130000,US,Remoto,US,M
SE,72,200000,US,Presencial,US,M
SE,72,150000,US,Presencial,US,M
SE,36,48289,ES,Presencial,ES,M
SE,36,38631,ES,Presencial,ES,M
SE,36,150000,US,Presencial,US,M
SE,36,120000,US,Presencial,US,M
EN,18,30000,IN,Hibrido,IN,M
MI,72,185000,US,Presencial,US,M
MI,72,125000,US,Presencial,US,M
SE,18,175000,US,Remoto,US,M
SE,18,130000,US,Remoto,US,M
SE,18,122000,US,Remoto,US,M
SE,18,93800,US,Remoto,US,M
SE,18,165000,US,Remoto,US,M
SE,18,112000,US,Remoto,US,M
EN,16,220000,US,Presencial,US,M
SE,56,204500,US,Presencial,US,M
SE,56,142200,US,Presencial,US,M
SE,18,15806,IN,Remoto,IN,S
MI,56,200000,US,Presencial,US,M
MI,56,175000,US,Presencial,US,M
SE,24,185900,US,Presencial,US,M
SE,24,129300,US,Presencial,US,M
SE,18,185900,US,Presencial,US,M
SE,18,121700,US,Presencial,US,M
SE,56,204500,US,Presencial,US,M
SE,56,142200,US,Presencial,US,M
SE,18,180180,US,Presencial,US,M
SE,18,106020,US,Presencial,US,M
SE,36,136000,US,Remoto,US,M
SE,36,104000,US,Remoto,US,M
SE,18,125000,US,Presencial,US,M
SE,18,110000,US,Presencial,US,M
SE,56,153400,US,Presencial,US,M
SE,56,122700,US,Presencial,US,M
SE,18,152380,US,Presencial,US,M
SE,18,121904,US,Presencial,US,M
SE,36,185900,US,Presencial,US,M
SE,36,129300,US,Presencial,US,M
SE,56,172200,US,Presencial,US,M
SE,23,168400,US,Presencial,US,M
SE,23,105200,US,Presencial,US,M
SE,56,128280,US,Presencial,US,M
SE,56,106900,US,Presencial,US,M
SE,51,192000,US,Remoto,US,L
MI,24,140000,US,Presencial,US,M
MI,24,100000,US,Presencial,US,M
SE,24,139500,US,Presencial,US,M
SE,24,109400,US,Presencial,US,M
SE,56,139500,US,Presencial,US,M
SE,56,109400,US,Presencial,US,M
SE,18,170500,US,Remoto,US,M
SE,18,85000,US,Remoto,US,M
SE,27,72946,GB,Presencial,GB,M
SE,27,54365,GB,Presencial,GB,M
EX,46,160288,GB,Presencial,GB,M
EX,46,127467,GB,Presencial,GB,M
SE,24,80000,US,Presencial,US,M
SE,24,65000,US,Presencial,US,M
SE,24,124740,US,Presencial,US,M
SE,24,65488,US,Presencial,US,M
SE,31,72200,US,Presencial,US,M
SE,31,64980,US,Presencial,US,M
SE,24,153600,US,Presencial,US,M
SE,24,106800,US,Presencial,US,M
SE,18,179975,US,Remoto,US,M
SE,18,86466,US,Remoto,US,M
SE,24,120000,US,Presencial,US,M
SE,24,90000,US,Presencial,US,M
MI,48,51039,GB,Presencial,GB,M
MI,48,42533,GB,Presencial,GB,M
SE,36,149076,US,Presencial,US,M
SE,36,82365,US,Presencial,US,M
SE,18,169000,US,Presencial,US,M
SE,18,110600,US,Presencial,US,M
SE,35,175000,US,Presencial,US,M
SE,35,120000,US,Presencial,US,M
SE,18,180000,US,Presencial,US,M
SE,18,153600,US,Presencial,US,M
SE,18,106800,US,Presencial,US,M
SE,27,140000,US,Presencial,US,M
SE,27,120000,US,Presencial,US,M
SE,57,205920,US,Presencial,US,M
SE,57,171600,US,Presencial,US,M
SE,18,165000,US,Remoto,US,M
SE,18,125000,US,Remoto,US,M
SE,24,185000,US,Presencial,US,M
MI,4,130000,US,Presencial,US,M
EN,36,168000,US,Remoto,US,M
MI,1,38631,ES,Hibrido,ES,L
SE,18,95000,US,Presencial,US,M
SE,18,85500,US,Presencial,US,M
SE,36,147100,US,Presencial,US,M
SE,36,90700,US,Presencial,US,M
SE,24,167580,US,Presencial,US,M
SE,24,87980,US,Presencial,US,M
SE,24,202000,US,Remoto,US,M
SE,24,135000,US,Remoto,US,M
SE,24,163800,US,Presencial,US,M
SE,24,126000,US,Presencial,US,M
SE,56,163800,US,Presencial,US,M
SE,56,126000,US,Presencial,US,M
SE,24,104000,US,Remoto,US,M
SE,24,65000,US,Remoto,US,M
SE,71,148000,US,Presencial,US,M
SE,56,158000,CA,Remoto,CA,M
SE,2,197000,US,Presencial,US,M
SE,2,106000,US,Presencial,US,M
MI,40,150000,US,Remoto,US,M
MI,40,100000,US,Remoto,US,M
SE,24,210000,US,Remoto,US,M
SE,24,192000,US,Presencial,US,M
SE,24,172800,US,Presencial,US,M
SE,36,200160,US,Presencial,US,M
SE,36,200160,US,Presencial,US,M
SE,2,175000,US,Presencial,US,M
SE,2,140000,US,Presencial,US,M
SE,27,169000,US,Presencial,US,M
SE,27,100000,US,Presencial,US,M
MI,24,115447,GB,Remoto,GB,L
SE,18,110000,US,Remoto,US,S
SE,18,80000,US,Remoto,US,S
EN,18,55000,US,Presencial,US,M
EN,18,48000,US,Presencial,US,M
SE,18,95000,US,Presencial,US,M
SE,18,85000,US,Presencial,US,M
SE,24,137500,US,Remoto,US,M
SE,24,81500,US,Remoto,US,M
SE,56,184700,US,Presencial,US,M
SE,56,186000,US,Remoto,US,M
SE,56,153088,US,Remoto,US,M
MI,25,190000,US,Remoto,US,M
MI,25,160000,US,Remoto,US,M
SE,56,200000,US,Remoto,US,M
SE,56,150000,US,Remoto,US,M
MI,25,190000,US,Presencial,US,M
MI,25,183310,US,Presencial,US,M
SE,56,180000,US,Remoto,US,M
SE,56,200000,US,Remoto,US,M
SE,56,150000,US,Remoto,US,M
SE,24,144000,US,Remoto,US,M
SE,24,66000,US,Remoto,US,M
MI,56,148500,US,Presencial,US,M
MI,56,126277,US,Presencial,US,M
SE,23,120000,US,Presencial,US,M
SE,62,180000,US,Presencial,US,M
SE,62,90000,US,Presencial,US,M
SE,36,126500,US,Presencial,US,M
SE,36,78000,US,Presencial,US,M
SE,24,180000,US,Presencial,US,M
SE,24,160000,US,Presencial,US,M
SE,62,170000,US,Presencial,US,M
MI,18,80000,US,Presencial,US,M
MI,18,60000,US,Presencial,US,M
SE,24,146000,US,Remoto,US,M
SE,24,200000,US,Presencial,US,M
SE,24,160000,US,Presencial,US,M
SE,18,142000,US,Remoto,US,M
SE,18,95000,US,Remoto,US,M
SE,36,155000,US,Presencial,US,M
SE,36,139500,US,Presencial,US,M
MI,24,140000,US,Remoto,US,M
MI,24,120000,US,Remoto,US,M
SE,24,146000,US,Remoto,US,M
SE,34,172200,US,Presencial,US,M
SE,36,156400,US,Presencial,US,M
SE,24,139500,US,Presencial,US,M
SE,24,109400,US,Presencial,US,M
MI,24,125000,US,Presencial,US,M
MI,24,90000,US,Presencial,US,M
SE,36,185900,US,Presencial,US,M
SE,36,129300,US,Presencial,US,M
SE,56,139500,US,Presencial,US,M
SE,56,109400,US,Presencial,US,M
SE,18,120000,US,Remoto,US,M
SE,18,75000,US,Remoto,US,M
SE,18,169000,US,Presencial,US,M
SE,18,110600,US,Presencial,US,M
SE,56,140000,US,Remoto,US,M
SE,56,140000,US,Remoto,US,M
MI,24,120000,US,Presencial,US,M
MI,24,90000,US,Presencial,US,M
MI,34,72914,GB,Presencial,GB,M
MI,34,60761,GB,Presencial,GB,M
SE,36,215050,US,Remoto,US,M
SE,36,156400,US,Remoto,US,M
SE,23,198000,US,Remoto,US,M
SE,23,114000,US,Remoto,US,M
EN,18,75000,US,Remoto,US,M
EN,18,60000,US,Remoto,US,M
SE,56,204500,US,Presencial,US,M
SE,56,142200,US,Presencial,US,M
SE,36,209300,US,Remoto,US,M
SE,36,182200,US,Remoto,US,M
SE,27,140000,US,Presencial,US,M
SE,27,120000,US,Presencial,US,M
EN,36,85000,US,Presencial,US,M
MI,56,48609,GB,Remoto,GB,M
EN,71,120000,GB,Remoto,GB,M
EN,71,60000,GB,Remoto,GB,M
SE,56,147100,US,Presencial,US,M
SE,56,90700,US,Presencial,US,M
SE,24,170000,US,Presencial,US,M
SE,18,108000,US,Presencial,US,M
SE,24,180000,US,Remoto,US,M
SE,24,160000,US,Remoto,US,M
SE,23,180000,US,Remoto,US,M
SE,23,160000,US,Remoto,US,M
SE,24,180000,US,Presencial,US,M
SE,24,130000,US,Presencial,US,M
SE,18,55800,ES,Remoto,ES,M
SE,18,51508,ES,Remoto,ES,M
EN,18,60000,US,Remoto,US,L
EN,18,50000,KW,Hibrido,US,L
SE,24,133300,US,Presencial,US,M
SE,24,129000,US,Presencial,US,M
SE,11,151902,GB,Remoto,GB,L
EN,36,9727,IN,Presencial,IN,L
SE,18,80000,US,Presencial,US,M
SE,18,52500,US,Presencial,US,M
SE,24,162500,US,Remoto,US,M
EN,18,85000,US,Remoto,US,M
EN,18,75000,US,Remoto,US,M
SE,18,153600,US,Presencial,US,M
SE,18,106800,US,Presencial,US,M
MI,18,165000,US,Presencial,US,M
MI,18,124000,US,Presencial,US,M
SE,18,115934,US,Remoto,US,M
SE,18,81666,US,Remoto,US,M
SE,24,167580,US,Presencial,US,M
SE,24,87980,US,Presencial,US,M
SE,24,63000,US,Remoto,US,M
SE,72,169200,ES,Presencial,ES,M
SE,72,169200,ES,Presencial,ES,M
MI,36,170000,US,Presencial,US,M
MI,36,120000,US,Presencial,US,M
SE,24,124740,US,Presencial,US,M
SE,24,65488,US,Presencial,US,M
SE,24,213580,US,Remoto,US,M
SE,24,163625,US,Remoto,US,M
MI,70,16414,IN,Remoto,IN,L
SE,56,220000,US,Presencial,US,M
SE,56,170000,US,Presencial,US,M
EX,24,210000,US,Presencial,US,M
SE,23,180000,US,Remoto,US,M
SE,23,115000,US,Remoto,US,M
SE,23,200000,US,Remoto,US,M
SE,23,115000,US,Remoto,US,M
SE,35,138750,US,Remoto,US,M
SE,56,153090,US,Presencial,US,M
SE,24,160000,US,Remoto,US,M
SE,24,75000,US,Remoto,US,M
MI,18,125000,US,Presencial,US,M
MI,18,105000,US,Presencial,US,M
MI,18,109371,GB,Presencial,GB,M
MI,18,85066,GB,Presencial,GB,M
EN,18,55000,US,Presencial,US,M
EN,18,48000,US,Presencial,US,M
EN,18,100000,US,Hibrido,US,M
SE,34,156400,US,Presencial,US,M
SE,24,162500,US,Remoto,US,M
SE,56,188800,US,Remoto,US,M
SE,18,60000,US,Presencial,US,M
MI,18,110000,US,Remoto,US,M
MI,18,95000,US,Remoto,US,M
SE,36,145000,US,Remoto,US,M
SE,36,135000,US,Remoto,US,M
SE,18,180180,US,Presencial,US,M
SE,18,106020,US,Presencial,US,M
SE,18,93919,US,Remoto,US,M
SE,18,51962,US,Remoto,US,M
SE,24,133832,US,Presencial,US,M
SE,36,170000,US,Remoto,US,M
SE,36,90000,US,Remoto,US,M
EX,24,210914,US,Remoto,US,M
EX,24,116704,US,Remoto,US,M
SE,18,192500,US,Remoto,US,M
SE,18,140000,US,Remoto,US,M
SE,36,149076,US,Presencial,US,M
SE,36,82365,US,Presencial,US,M
SE,36,175000,US,Presencial,US,M
SE,36,148750,US,Presencial,US,M
SE,72,200000,US,Presencial,US,M
SE,36,185000,US,Remoto,US,M
MI,56,121523,GB,Presencial,GB,M
MI,56,97218,GB,Presencial,GB,M
SE,36,216100,US,Presencial,US,M
SE,36,140800,US,Presencial,US,M
MI,56,145828,GB,Presencial,GB,M
MI,56,121523,GB,Presencial,GB,M
SE,17,53654,NL,Remoto,CA,L
EN,36,110000,US,Hibrido,US,S
SE,24,128000,US,Presencial,US,M
SE,24,81500,US,Presencial,US,M
MI,24,66837,GB,Remoto,GB,M
MI,24,63192,GB,Remoto,GB,M
MI,18,60761,GB,Presencial,GB,M
MI,18,54685,GB,Presencial,GB,M
SE,72,145900,CA,Presencial,CA,M
SE,71,155850,US,Presencial,US,M
SE,71,102544,US,Presencial,US,M
MI,36,151410,US,Remoto,US,M
MI,36,115360,US,Remoto,US,M
MI,24,66531,ES,Remoto,ES,M
MI,24,59020,ES,Remoto,ES,M
SE,41,125686,CA,Hibrido,CA,M
EN,36,12767,IN,Hibrido,IN,L
SE,36,162500,US,Presencial,US,M
SE,36,185000,GB,Presencial,GB,M
SE,36,120250,GB,Presencial,GB,M
EN,36,180000,US,Remoto,US,M
MI,72,85000,US,Presencial,US,M
MI,72,70000,US,Presencial,US,M
SE,10,135000,US,Remoto,US,M
SE,10,100000,US,Remoto,US,M
EX,21,155000,US,Presencial,US,M
EX,21,140000,US,Presencial,US,M
SE,56,204500,US,Presencial,US,M
SE,56,142200,US,Presencial,US,M
SE,24,133300,US,Presencial,US,M
SE,36,156400,US,Remoto,US,M
SE,24,163800,US,Presencial,US,M
SE,24,126000,US,Presencial,US,M
SE,56,163800,US,Presencial,US,M
SE,56,126000,US,Presencial,US,M
SE,53,220000,US,Presencial,US,M
SE,53,150000,US,Presencial,US,M
SE,24,145000,US,Presencial,US,M
SE,24,115000,US,Presencial,US,M
SE,21,204500,US,Presencial,US,M
SE,21,138900,US,Presencial,US,M
MI,24,162500,US,Presencial,US,M
MI,24,130000,US,Presencial,US,M
SE,24,150000,US,Remoto,US,M
SE,24,107000,US,Remoto,US,M
EX,24,175000,US,Presencial,US,M
EX,24,110000,US,Presencial,US,M
SE,24,133300,US,Presencial,US,M
SE,24,129000,US,Presencial,US,M
SE,56,150000,US,Presencial,US,M
SE,56,125000,US,Presencial,US,M
SE,24,129000,US,Presencial,US,M
SE,36,156400,US,Presencial,US,M
MI,72,23000,IN,Remoto,IN,L
MI,56,110000,US,Remoto,US,L
SE,24,182750,US,Remoto,US,M
MI,18,130000,US,Presencial,US,M
MI,18,100000,US,Presencial,US,M
SE,18,153600,US,Presencial,US,M
SE,18,106800,US,Presencial,US,M
SE,24,137500,US,Presencial,US,M
SE,24,81500,US,Presencial,US,M
EX,46,195800,US,Presencial,US,M
SE,6,205000,US,Presencial,US,M
SE,6,180000,US,Presencial,US,M
SE,36,165000,US,Remoto,US,M
SE,36,144000,US,Remoto,US,M
EN,10,160000,US,Presencial,US,M
EN,10,100000,US,Presencial,US,M
EX,24,200000,US,Presencial,US,M
EX,24,145000,US,Presencial,US,M
MI,18,150000,US,Presencial,US,M
MI,18,100000,US,Presencial,US,M
SE,27,199000,US,Presencial,US,M
SE,27,112000,US,Presencial,US,M
SE,36,105000,US,Presencial,US,M
SE,36,70000,US,Presencial,US,M
SE,18,180180,US,Presencial,US,M
SE,18,106020,US,Presencial,US,M
EN,24,160000,US,Presencial,US,M
EN,24,135000,US,Presencial,US,M
SE,36,183000,US,Presencial,US,M
SE,36,134000,US,Presencial,US,M
SE,56,220000,US,Presencial,US,M
SE,56,150000,US,Presencial,US,M
SE,18,122000,US,Presencial,US,M
SE,18,94000,US,Presencial,US,M
SE,56,184000,US,Presencial,US,M
SE,36,156400,US,Remoto,US,M
MI,56,180000,US,Remoto,US,M
MI,56,150000,US,Remoto,US,M
SE,36,152000,US,Presencial,US,M
SE,36,209450,US,Remoto,US,M
SE,36,158677,US,Remoto,US,M
SE,18,175000,US,Presencial,US,M
SE,18,145000,US,Presencial,US,M
SE,24,170000,US,Presencial,US,M
MI,18,103200,US,Presencial,US,M
MI,18,61200,US,Presencial,US,M
MI,36,155000,US,Remoto,US,L
SE,36,145000,US,Remoto,US,M
SE,36,139000,US,Remoto,US,M
SE,23,174500,US,Presencial,US,M
SE,23,113000,US,Presencial,US,M
SE,18,130000,US,Remoto,US,M
SE,18,87000,US,Remoto,US,M
SE,18,160000,US,Remoto,US,M
SE,18,108000,US,Remoto,US,M
SE,24,165000,US,Remoto,US,M
SE,24,107250,US,Remoto,US,M
SE,24,119000,US,Presencial,US,M
SE,36,154600,US,Remoto,US,M
MI,46,60795,IN,Hibrido,IN,L
EN,18,30000,AR,Remoto,US,S
MI,35,220000,US,Presencial,US,M
MI,35,195000,US,Presencial,US,M
SE,27,168400,US,Presencial,US,M
SE,27,105200,US,Presencial,US,M
MI,18,206000,US,Presencial,US,M
MI,18,160000,US,Presencial,US,M
SE,2,200000,US,Remoto,US,M
SE,2,175000,US,Remoto,US,M
SE,2,138750,US,Remoto,US,M
SE,24,153000,CA,Remoto,CA,M
SE,24,94000,CA,Remoto,CA,M
SE,24,123700,US,Presencial,US,L
SE,24,160000,US,Remoto,US,M
SE,24,90000,US,Remoto,US,M
EN,36,124234,US,Presencial,US,M
EN,36,74540,US,Presencial,US,M
MI,18,109000,US,Presencial,US,M
MI,18,79000,US,Presencial,US,M
SE,36,183500,US,Remoto,US,M
SE,36,183500,US,Remoto,US,M
SE,18,160000,US,Remoto,US,M
SE,18,125600,US,Remoto,US,M
SE,24,170000,US,Presencial,US,M
SE,24,120000,US,Presencial,US,M
SE,24,140000,US,Presencial,US,M
SE,18,141290,US,Presencial,US,M
SE,18,74178,US,Presencial,US,M
SE,36,150000,US,Presencial,US,M
SE,36,120000,US,Presencial,US,M
SE,24,85000,US,Remoto,US,M
SE,24,75000,US,Remoto,US,M
SE,24,220000,US,Presencial,US,M
SE,24,160000,US,Presencial,US,M
SE,24,205600,US,Remoto,US,M
SE,24,107500,US,Remoto,US,M
MI,24,120000,US,Presencial,US,M
MI,24,95000,US,Presencial,US,M
SE,24,185900,US,Presencial,US,M
SE,24,129300,US,Presencial,US,M
SE,24,160000,US,Remoto,US,M
SE,24,130000,US,Remoto,US,M
EN,36,12888,IN,Hibrido,IN,S
MI,24,175000,US,Presencial,US,M
SE,36,136000,US,Remoto,US,M
SE,36,104000,US,Remoto,US,M
MI,18,80000,US,Presencial,US,M
MI,18,52500,US,Presencial,US,M
SE,36,110000,US,Remoto,US,M
SE,36,84000,US,Remoto,US,M
SE,7,125000,US,Presencial,US,M
SE,7,110000,US,Presencial,US,M
MI,18,90000,US,Presencial,US,M
MI,18,80000,US,Presencial,US,M
SE,53,200000,US,Presencial,US,M
SE,53,135000,US,Presencial,US,M
EN,13,48000,US,Hibrido,US,L
SE,24,130000,US,Presencial,US,M
SE,24,75000,US,Presencial,US,M
SE,24,129000,US,Presencial,US,M
MI,18,150000,US,Presencial,US,M
MI,18,100000,US,Presencial,US,M
SE,24,133300,US,Presencial,US,M
SE,36,190000,US,Presencial,US,M
SE,36,165000,US,Presencial,US,M
SE,24,170000,US,Remoto,US,M
SE,24,150000,US,Remoto,US,M
MI,24,150000,US,Presencial,US,M
MI,24,130000,US,Presencial,US,M
SE,36,156400,US,Presencial,US,M
SE,16,200000,US,Remoto,US,S
SE,36,134000,US,Presencial,US,M
SE,24,205600,US,Presencial,US,L
SE,24,105700,US,Presencial,US,L
SE,10,140000,US,Remoto,US,M
SE,10,110000,US,Remoto,US,M
SE,72,210000,US,Presencial,US,M
SE,72,151800,US,Presencial,US,M
SE,18,51508,ES,Presencial,ES,M
SE,18,40777,ES,Presencial,ES,M
SE,18,51508,ES,Presencial,ES,M
SE,18,40777,ES,Presencial,ES,M
EN,24,160000,US,Presencial,US,M
EN,24,135000,US,Presencial,US,M
MI,24,120000,US,Remoto,US,M
MI,24,95000,US,Remoto,US,M
SE,24,63000,US,Remoto,US,M
SE,36,145000,US,Remoto,US,M
SE,36,130000,US,Remoto,US,M
SE,36,90000,US,Remoto,US,M
MI,18,120000,US,Remoto,US,M
MI,18,100000,US,Remoto,US,M
SE,23,174500,US,Presencial,US,M
SE,23,113000,US,Presencial,US,M
MI,36,183310,US,Presencial,US,M
MI,36,183310,US,Presencial,US,M
SE,18,145000,US,Remoto,US,M
SE,18,102500,US,Remoto,US,M
SE,36,210000,US,Presencial,US,M
SE,36,185000,US,Presencial,US,M
SE,23,174500,US,Presencial,US,M
SE,23,113000,US,Presencial,US,M
SE,32,122000,US,Presencial,US,M
SE,32,94000,US,Presencial,US,M
SE,36,220000,US,Presencial,US,M
SE,36,146000,US,Presencial,US,M
SE,24,130000,US,Presencial,US,M
MI,16,15897,IN,Remoto,IN,M
SE,32,145000,US,Presencial,US,M
SE,32,128000,US,Presencial,US,M
SE,36,182000,US,Presencial,US,M
SE,36,140000,US,Presencial,US,M
SE,24,122000,US,Presencial,US,M
SE,24,94000,US,Presencial,US,M
EX,36,200000,US,Presencial,US,M
MI,18,135000,US,Presencial,US,M
MI,18,105500,US,Presencial,US,M
SE,24,129000,US,Presencial,US,M
MI,36,110000,US,Remoto,US,L
SE,36,136000,US,Remoto,US,M
SE,36,104000,US,Remoto,US,M
SE,36,168000,US,Remoto,US,M
SE,36,130000,US,Remoto,US,M
MI,18,78990,GB,Presencial,GB,M
MI,18,43809,GB,Presencial,GB,M
MI,24,120000,US,Presencial,US,M
MI,24,95000,US,Presencial,US,M
SE,36,153400,US,Presencial,US,M
SE,36,122700,US,Presencial,US,M
SE,36,185000,US,Presencial,US,M
SE,36,160000,US,Presencial,US,M
SE,36,205000,US,Remoto,US,M
SE,36,185000,US,Remoto,US,M
SE,56,204500,US,Presencial,US,M
SE,56,142200,US,Presencial,US,M
MI,56,145000,US,Presencial,US,M
MI,56,87000,US,Presencial,US,M
EN,36,50000,IN,Remoto,US,M
SE,53,203500,US,Remoto,US,M
SE,36,172100,US,Presencial,US,M
SE,36,180000,US,Presencial,US,M
SE,36,150000,US,Presencial,US,M
SE,24,167200,US,Remoto,US,M
SE,10,197000,US,Presencial,US,M
SE,10,106000,US,Presencial,US,M
SE,72,180000,US,Presencial,US,M
SE,72,145000,US,Presencial,US,M
SE,26,200000,US,Presencial,US,M
SE,24,170000,US,Remoto,US,M
SE,24,114000,US,Remoto,US,M
SE,24,180000,US,Presencial,US,M
EX,24,196200,US,Presencial,US,M
EX,24,150900,US,Presencial,US,M
SE,36,168400,US,Presencial,US,M
SE,36,105200,US,Presencial,US,M
MI,24,95000,ES,Remoto,ES,M
MI,24,80000,ES,Remoto,ES,M
MI,18,116000,US,Presencial,US,M
MI,18,72000,US,Presencial,US,M
SE,2,207000,US,Presencial,US,M
SE,2,167000,US,Presencial,US,M
SE,56,145000,US,Presencial,US,M
SE,56,135000,US,Presencial,US,M
MI,24,105000,US,Presencial,US,M
MI,24,70000,US,Presencial,US,M
SE,23,180000,US,Remoto,US,M
SE,23,115000,US,Remoto,US,M
SE,24,133800,US,Remoto,US,M
SE,24,96100,US,Remoto,US,M
MI,18,120000,US,Presencial,US,M
MI,18,80000,US,Presencial,US,M
SE,33,140000,US,Presencial,US,M
SE,33,100000,US,Presencial,US,M
SE,72,150000,US,Presencial,US,M
SE,72,120000,US,Presencial,US,M
SE,15,140000,US,Remoto,US,M
SE,15,115000,US,Remoto,US,M
SE,35,198200,US,Remoto,US,M
SE,36,198200,US,Remoto,US,M
SE,24,202000,US,Remoto,US,M
SE,24,135000,US,Remoto,US,M
SE,36,110000,US,Remoto,US,M
SE,36,84000,US,Remoto,US,M
MI,56,219000,US,Hibrido,US,L
SE,6,196000,US,Remoto,US,M
SE,10,140000,US,Remoto,US,M
SE,10,110000,US,Remoto,US,M
MI,18,150000,US,Presencial,US,M
MI,18,100000,US,Presencial,US,M
SE,24,160000,US,Presencial,US,M
SE,24,110000,US,Presencial,US,M
SE,36,185900,US,Presencial,US,M
SE,36,129300,US,Presencial,US,M
SE,6,126100,US,Presencial,US,L
SE,6,72000,US,Presencial,US,L
SE,24,170000,US,Remoto,US,M
SE,24,150000,US,Remoto,US,M
MI,56,175000,US,Remoto,US,M
MI,56,140000,US,Remoto,US,M
SE,18,137500,US,Presencial,US,M
MI,36,187500,US,Presencial,US,M
MI,36,165000,US,Presencial,US,M
MI,59,72914,GB,Presencial,GB,L
SE,72,210000,US,Presencial,US,M
SE,72,165750,US,Presencial,US,M
SE,61,165750,US,Remoto,US,M
MI,56,109006,GB,Presencial,GB,M
MI,56,67141,GB,Presencial,GB,M
SE,36,135000,US,Remoto,US,M
SE,36,115000,US,Remoto,US,M
SE,65,175000,US,Presencial,US,M
SE,36,170000,US,Remoto,US,M
SE,36,140000,US,Remoto,US,M
SE,24,175308,US,Presencial,US,M
SE,24,100706,US,Presencial,US,M
SE,65,135000,US,Presencial,US,M
SE,53,202353,US,Presencial,US,M
MI,71,120000,US,Remoto,US,M
MI,71,100000,US,Remoto,US,M
SE,24,133300,US,Presencial,US,M
SE,18,125000,US,Presencial,US,M
SE,18,85000,US,Presencial,US,M
SE,18,130000,US,Remoto,US,M
SE,18,80000,US,Remoto,US,M
MI,24,120000,US,Presencial,US,M
MI,24,100000,US,Presencial,US,M
MI,13,18314,IN,Hibrido,IN,L
SE,24,138750,US,Remoto,US,M
SE,24,199000,US,Presencial,US,M
SE,24,162000,US,Presencial,US,M
EN,24,160000,US,Presencial,US,M
EN,24,135000,US,Presencial,US,M
EN,36,100000,US,Remoto,US,M
SE,72,200000,US,Presencial,US,M
SE,72,150000,US,Presencial,US,M
EN,71,160000,US,Presencial,US,M
EN,71,120000,US,Presencial,US,M
SE,72,200000,US,Presencial,US,M
EN,40,150000,US,Presencial,US,M
EN,40,120000,US,Presencial,US,M
SE,71,150000,US,Presencial,US,M
SE,71,100000,US,Presencial,US,M
SE,36,198200,US,Presencial,US,M
SE,36,182000,US,Presencial,US,M
SE,36,140000,US,Presencial,US,M
SE,24,200000,US,Presencial,US,M
SE,24,160000,US,Presencial,US,M
SE,56,204500,US,Presencial,US,M
SE,56,142200,US,Presencial,US,M
MI,36,120000,US,Presencial,US,M
MI,36,105000,US,Presencial,US,M
SE,24,187500,US,Remoto,US,M
SE,24,175000,US,Remoto,US,M
SE,56,204500,US,Presencial,US,M
SE,56,142200,US,Presencial,US,M
SE,18,155000,US,Remoto,US,M
SE,18,64000,US,Remoto,US,M
SE,16,185000,US,Presencial,US,M
SE,23,174500,US,Presencial,US,M
SE,23,113000,US,Presencial,US,M
SE,36,143100,CA,Presencial,CA,M
SE,36,113000,CA,Presencial,CA,M
SE,6,184000,US,Remoto,US,M
SE,6,142000,US,Remoto,US,M
SE,36,140000,US,Presencial,US,M
SE,36,120000,US,Presencial,US,M
SE,23,174500,US,Presencial,US,M
SE,23,113000,US,Presencial,US,M
SE,36,180560,US,Presencial,US,M
SE,36,115440,US,Presencial,US,M
SE,36,140000,US,Presencial,US,M
SE,36,120000,US,Presencial,US,M
SE,72,145900,US,Presencial,US,M
SE,36,120000,CA,Presencial,CA,M
SE,36,110000,CA,Presencial,CA,M
SE,24,180000,US,Presencial,US,M
MI,56,75344,GB,Remoto,GB,M
MI,56,63192,GB,Remoto,GB,M
SE,24,161800,US,Presencial,US,M
SE,24,141600,US,Presencial,US,M
MI,56,58331,GB,Remoto,GB,M
MI,56,46178,GB,Remoto,GB,M
SE,24,166000,US,Remoto,US,M
SE,24,128000,US,Remoto,US,M
SE,23,170000,US,Remoto,US,M
SE,23,110000,US,Remoto,US,M
SE,24,160000,US,Remoto,US,M
SE,24,75000,US,Remoto,US,M
SE,24,182000,US,Remoto,US,M
MI,18,14307,IN,Remoto,IN,L
EN,36,130000,US,Presencial,US,M
MI,18,150000,US,Presencial,US,M
MI,18,100000,US,Presencial,US,M
SE,56,134500,US,Presencial,US,L
MI,36,13989,IN,Remoto,IN,L
MI,36,130000,US,Presencial,US,M
MI,36,90000,US,Presencial,US,M
EN,24,160000,US,Presencial,US,M
EN,24,135000,US,Presencial,US,M
SE,63,125000,US,Remoto,US,L
SE,24,175000,US,Presencial,US,M
SE,24,155000,US,Presencial,US,M
SE,24,153600,US,Presencial,US,M
SE,24,106800,US,Presencial,US,M
SE,36,150000,US,Presencial,US,M
SE,36,140000,US,Presencial,US,M
SE,32,122000,US,Presencial,US,M
SE,32,94500,US,Presencial,US,M
SE,24,170000,US,Presencial,US,M
SE,24,130000,US,Presencial,US,M
SE,32,145000,US,Presencial,US,M
SE,32,128000,US,Presencial,US,M
SE,24,145000,US,Presencial,US,M
SE,24,100000,US,Presencial,US,M
SE,24,175000,US,Presencial,US,M
SE,24,120000,US,Presencial,US,M
SE,24,145000,US,Presencial,US,M
SE,24,115000,US,Presencial,US,M
SE,5,150000,US,Remoto,US,M
MI,18,150000,US,Presencial,US,M
MI,18,100000,US,Presencial,US,M
MI,36,150000,US,Remoto,US,M
MI,36,127500,US,Remoto,US,M
SE,36,126500,US,Remoto,US,M
SE,36,51000,US,Remoto,US,M
MI,24,175000,US,Presencial,US,M
SE,24,63000,US,Remoto,US,M
SE,56,210000,US,Remoto,US,M
SE,56,160000,US,Remoto,US,M
SE,36,198200,US,Remoto,US,M
SE,36,220000,US,Presencial,US,M
SE,36,146000,US,Presencial,US,M
MI,18,150000,US,Presencial,US,M
MI,18,100000,US,Presencial,US,M
SE,62,183600,CA,Remoto,CA,M
MI,24,150000,US,Remoto,US,M
MI,24,150000,US,Remoto,US,M
SE,51,56723,IN,Presencial,IN,L
MI,24,120000,US,Presencial,US,M
MI,24,95000,US,Presencial,US,M
EN,24,160000,US,Presencial,US,M
EN,24,135000,US,Presencial,US,M
SE,24,216000,US,Remoto,US,M
SE,24,144000,US,Remoto,US,M
EN,24,85000,US,Presencial,US,M
EN,24,65000,US,Presencial,US,M
SE,18,149000,US,Remoto,US,M
SE,18,119000,US,Remoto,US,M
SE,36,140000,US,Presencial,US,M
SE,36,120000,US,Presencial,US,M
MI,36,150000,US,Presencial,US,M
MI,36,110000,US,Presencial,US,M
SE,56,201000,US,Remoto,US,M
SE,36,190000,US,Presencial,US,M
SE,36,155000,US,Presencial,US,M
SE,53,185000,US,Remoto,US,M
SE,15,190000,US,Remoto,US,M
SE,15,160000,US,Remoto,US,M
EN,70,100000,US,Remoto,US,M
MI,24,130000,US,Presencial,US,M
MI,24,115000,US,Presencial,US,M
MI,36,92350,GB,Presencial,GB,M
MI,36,67723,GB,Presencial,GB,M
MI,24,105000,US,Presencial,US,M
MI,24,70000,US,Presencial,US,M
SE,56,204500,US,Presencial,US,M
SE,56,142200,US,Presencial,US,M
SE,56,192000,US,Remoto,US,M
SE,56,164000,US,Remoto,US,M
SE,24,185900,US,Presencial,US,M
SE,24,129300,US,Presencial,US,M
SE,24,130000,US,Presencial,US,M
SE,24,75000,US,Presencial,US,M
SE,35,175000,US,Presencial,US,M
SE,35,120000,US,Presencial,US,M
SE,24,167500,US,Presencial,US,M
SE,24,106500,US,Presencial,US,M
MI,18,75000,US,Remoto,US,M
MI,18,60000,US,Remoto,US,M
SE,6,184000,US,Remoto,US,M
SE,6,142000,US,Remoto,US,M
MI,36,145000,US,Presencial,US,M
MI,36,100000,US,Presencial,US,M
MI,36,31795,IN,Remoto,US,M
SE,24,175000,US,Presencial,US,M
SE,24,120000,US,Presencial,US,M
SE,24,175000,US,Presencial,US,M
SE,24,120000,US,Presencial,US,M
EX,24,200000,US,Presencial,US,M
EX,24,145000,US,Presencial,US,M
MI,24,92350,GB,Remoto,GB,M
MI,24,73880,GB,Remoto,GB,M
SE,24,145000,US,Presencial,US,M
SE,24,100000,US,Presencial,US,M
SE,6,192000,US,Remoto,US,M
SE,6,164000,US,Remoto,US,M
SE,18,120000,US,Presencial,US,M
SE,18,95000,US,Presencial,US,M
SE,56,145000,US,Presencial,US,M
SE,56,135000,US,Presencial,US,M
SE,24,100000,US,Presencial,US,M
SE,24,78000,US,Presencial,US,M
SE,24,73546,ES,Presencial,ES,M
SE,24,36773,ES,Presencial,ES,M
MI,24,160000,US,Remoto,US,M
MI,24,120000,US,Remoto,US,M
SE,36,190000,US,Presencial,US,M
SE,36,150000,US,Presencial,US,M
MI,24,35610,IN,Hibrido,IN,L
SE,24,120000,US,Presencial,US,M
SE,24,95000,US,Presencial,US,M
MI,18,150000,US,Presencial,US,M
MI,18,100000,US,Presencial,US,M
SE,36,47280,ES,Presencial,ES,M
SE,36,37824,ES,Presencial,ES,M
SE,18,115934,US,Remoto,US,M
SE,18,81666,US,Remoto,US,M
SE,36,175000,US,Remoto,US,M
SE,36,140000,US,Remoto,US,M
SE,24,120000,US,Presencial,US,M
SE,24,95000,US,Presencial,US,M
SE,71,149850,US,Presencial,US,M
MI,2,122500,US,Remoto,US,M
MI,2,100000,US,Remoto,US,M
SE,36,149850,US,Presencial,US,M
EN,18,55000,US,Presencial,US,M
EN,18,48000,US,Presencial,US,M
SE,72,149850,US,Presencial,US,M
SE,24,190000,US,Remoto,US,M
SE,24,120000,US,Remoto,US,M
SE,18,127000,US,Remoto,US,M
SE,18,104000,US,Remoto,US,M
SE,36,210000,US,Remoto,US,M
SE,36,150000,US,Remoto,US,M
SE,56,210000,US,Remoto,US,M
SE,56,150000,US,Remoto,US,M
SE,24,210000,US,Remoto,US,M
SE,24,130000,US,Remoto,US,M
SE,36,182750,US,Remoto,US,M
SE,36,161500,US,Remoto,US,M
MI,18,102640,US,Remoto,US,M
MI,18,66100,US,Remoto,US,M
SE,72,210000,US,Remoto,US,M
SE,72,150000,US,Remoto,US,M
SE,24,198800,US,Presencial,US,M
SE,24,122600,US,Presencial,US,M
MI,24,130000,US,Remoto,US,M
MI,24,80000,US,Remoto,US,M
SE,36,136000,US,Remoto,US,M
SE,36,104000,US,Remoto,US,M
SE,18,150000,US,Remoto,US,M
SE,18,100000,US,Remoto,US,M
EN,24,160000,US,Presencial,US,M
EN,24,135000,US,Presencial,US,M
SE,24,216000,US,Remoto,US,M
SE,24,144000,US,Remoto,US,M
EX,36,159000,US,Remoto,US,M
EX,36,130000,US,Remoto,US,M
SE,18,115934,US,Remoto,US,M
SE,18,81666,US,Remoto,US,M
SE,24,215000,US,Remoto,US,M
SE,24,150000,US,Remoto,US,M
SE,56,201000,US,Remoto,US,M
MI,24,187000,US,Remoto,US,M
MI,24,153000,US,Remoto,US,M
MI,18,55410,GB,Presencial,GB,M
SE,18,50432,ES,Presencial,ES,M
SE,18,39925,ES,Presencial,ES,M
SE,18,169000,US,Presencial,US,M
SE,18,110600,US,Presencial,US,M
SE,10,140000,US,Remoto,US,M
SE,10,120000,US,Remoto,US,M
MI,18,75000,US,Remoto,US,M
MI,18,60000,US,Remoto,US,M
EN,18,50000,US,Hibrido,US,L
MI,54,134000,US,Remoto,US,M
MI,54,124000,US,Remoto,US,M
SE,18,166700,US,Presencial,US,M
SE,18,119000,US,Presencial,US,M
EN,36,124234,US,Presencial,US,M
EN,36,74540,US,Presencial,US,M
MI,18,100000,US,Remoto,US,M
MI,18,65000,US,Remoto,US,M
EN,1,200000,CA,Hibrido,CA,L
SE,24,220000,US,Remoto,US,M
SE,24,146000,US,Remoto,US,M
SE,24,68293,ES,Presencial,ES,M
SE,24,36773,ES,Presencial,ES,M
SE,38,110000,US,Presencial,US,M
SE,38,70000,US,Presencial,US,M
EN,18,50000,US,Hibrido,US,L
SE,24,120000,US,Presencial,US,M
SE,24,95000,US,Presencial,US,M
MI,18,150000,US,Presencial,US,M
MI,18,100000,US,Presencial,US,M
SE,36,47280,ES,Presencial,ES,M
SE,36,37824,ES,Presencial,ES,M
SE,23,190000,US,Remoto,US,M
SE,23,135000,US,Remoto,US,M
SE,36,128000,US,Presencial,US,M
SE,36,81500,US,Presencial,US,M
SE,36,173000,US,Remoto,US,M
SE,36,110000,US,Remoto,US,M
SE,56,192000,US,Presencial,US,M
SE,56,120000,US,Presencial,US,M
SE,18,115934,US,Remoto,US,M
SE,18,81666,US,Remoto,US,M
SE,18,120000,US,Presencial,US,M
SE,18,95000,US,Presencial,US,M
SE,69,190000,US,Remoto,US,L
SE,24,194000,US,Remoto,US,M
SE,24,129400,US,Remoto,US,M
SE,18,201000,US,Remoto,US,M
SE,18,89200,US,Remoto,US,M
SE,36,165000,US,Presencial,US,M
SE,36,125000,US,Presencial,US,M
SE,6,196000,US,Remoto,US,M
MI,56,130000,US,Presencial,US,M
MI,56,90000,US,Presencial,US,M
MI,60,150000,US,Remoto,US,M
MI,60,100000,US,Remoto,US,M
MI,56,150000,US,Presencial,US,M
SE,24,153600,US,Presencial,US,M
SE,24,106800,US,Presencial,US,M
MI,60,130000,US,Remoto,US,M
MI,60,100000,US,Remoto,US,M
SE,24,216000,US,Remoto,US,M
SE,24,144000,US,Remoto,US,M
MI,36,180000,US,Presencial,US,M
MI,36,120000,US,Presencial,US,M
EN,24,160000,US,Presencial,US,M
EN,24,135000,US,Presencial,US,M
SE,18,192500,US,Remoto,US,M
SE,18,140000,US,Remoto,US,M
SE,24,152500,US,Presencial,US,M
SE,24,130000,US,Presencial,US,M
SE,18,65000,US,Remoto,US,M
SE,18,55000,US,Remoto,US,M
SE,24,178750,US,Presencial,US,M
SE,24,160000,US,Presencial,US,M
MI,61,165000,US,Presencial,US,M
MI,61,135000,US,Presencial,US,M
SE,2,170000,US,Remoto,US,M
SE,2,125000,US,Remoto,US,M
SE,24,105000,US,Presencial,US,M
SE,24,70000,US,Presencial,US,M
SE,36,130000,US,Presencial,US,M
SE,36,95000,US,Presencial,US,M
SE,36,203500,US,Presencial,US,M
SE,36,152000,US,Presencial,US,M
SE,24,197430,US,Remoto,US,M
SE,24,134760,US,Remoto,US,M
MI,36,120000,US,Remoto,US,M
SE,24,197000,US,Presencial,US,M
SE,24,99000,US,Presencial,US,M
SE,24,220000,US,Remoto,US,M
SE,24,162000,US,Remoto,US,M
MI,32,70186,GB,Presencial,GB,M
MI,32,51716,GB,Presencial,GB,M
SE,23,149040,US,Remoto,US,M
SE,23,113900,US,Remoto,US,M
SE,24,100000,US,Presencial,US,M
SE,24,78000,US,Presencial,US,M
SE,24,120000,US,Presencial,US,M
SE,24,95000,US,Presencial,US,M
SE,38,110000,US,Presencial,US,M
SE,38,70000,US,Presencial,US,M
SE,36,185900,US,Presencial,US,M
SE,36,129300,US,Presencial,US,M
MI,18,150000,US,Presencial,US,M
MI,18,100000,US,Presencial,US,M
SE,24,154600,US,Remoto,US,M
SE,56,204500,US,Presencial,US,M
SE,56,142200,US,Presencial,US,M
MI,24,160000,US,Remoto,US,M
MI,24,75000,US,Remoto,US,M
SE,36,47280,ES,Presencial,ES,M
SE,36,37824,ES,Presencial,ES,M
SE,24,213000,US,Presencial,US,M
SE,24,152000,US,Presencial,US,M
SE,36,140000,US,Remoto,US,M
SE,36,120000,US,Remoto,US,M
SE,36,110000,US,Presencial,US,M
SE,36,70000,US,Presencial,US,M
SE,62,168000,CA,Remoto,CA,M
SE,53,183000,US,Remoto,US,M
SE,24,175000,US,Presencial,US,M
SE,24,150000,US,Presencial,US,M
MI,36,130000,US,Remoto,US,M
MI,36,90000,US,Remoto,US,M
MI,18,165000,US,Presencial,US,M
MI,18,124000,US,Presencial,US,M
SE,24,178000,CA,Presencial,CA,M
SE,24,132000,CA,Presencial,CA,M
SE,24,130000,US,Presencial,US,M
SE,18,169000,US,Presencial,US,M
SE,18,110600,US,Presencial,US,M
SE,18,116000,US,Remoto,US,M
SE,18,96000,US,Remoto,US,M
SE,18,92350,GB,Presencial,GB,M
SE,18,70186,GB,Presencial,GB,M
SE,18,105000,US,Presencial,US,M
SE,18,70000,US,Presencial,US,M
MI,60,105236,CA,Hibrido,CA,L
SE,24,194000,US,Remoto,US,M
SE,24,129400,US,Remoto,US,M
SE,23,190000,US,Remoto,US,M
SE,23,135000,US,Remoto,US,M
SE,18,100000,US,Presencial,US,M
SE,18,70000,US,Presencial,US,M
EN,56,189750,US,Presencial,US,M
EN,56,140250,US,Presencial,US,M
SE,18,130000,US,Presencial,US,M
SE,18,100000,US,Presencial,US,M
MI,18,160000,US,Presencial,US,M
MI,18,109000,US,Presencial,US,M
SE,71,150000,US,Presencial,US,M
MI,18,206000,US,Presencial,US,M
MI,18,160000,US,Presencial,US,M
SE,24,135000,US,Presencial,US,M
SE,24,120000,US,Presencial,US,M
EN,24,160000,US,Presencial,US,M
EN,24,135000,US,Presencial,US,M
MI,18,150000,US,Presencial,US,M
MI,18,100000,US,Presencial,US,M
MI,24,120000,US,Presencial,US,M
MI,24,95000,US,Presencial,US,M
SE,24,68293,ES,Presencial,ES,M
SE,24,42026,ES,Presencial,ES,M
SE,24,191200,US,Presencial,US,M
SE,24,130000,US,Presencial,US,M
SE,24,191200,US,Presencial,US,M
SE,24,130000,US,Presencial,US,M
SE,24,154600,US,Presencial,US,L
SE,24,120000,US,Presencial,US,M
SE,24,95000,US,Presencial,US,M
SE,36,140000,US,Presencial,US,M
SE,36,120000,US,Presencial,US,M
SE,18,169000,US,Presencial,US,M
SE,18,110600,US,Presencial,US,M
MI,18,80000,US,Remoto,US,L
SE,24,185900,US,Presencial,US,M
SE,24,129300,US,Presencial,US,M
SE,2,135000,US,Presencial,US,M
SE,2,110000,US,Presencial,US,M
MI,21,155000,US,Presencial,US,M
MI,21,140000,US,Presencial,US,M
SE,24,205000,US,Remoto,US,M
SE,24,150000,US,Remoto,US,M
SE,24,179500,US,Presencial,US,M
SE,24,134000,US,Presencial,US,M
MI,36,180000,US,Presencial,US,M
MI,36,120000,US,Presencial,US,M
SE,36,185900,US,Presencial,US,M
SE,36,129300,US,Presencial,US,M
SE,36,175000,US,Remoto,US,M
SE,36,145000,US,Remoto,US,M
SE,23,175000,US,Remoto,US,M
EN,32,27317,ES,Hibrido,ES,L
MI,24,160000,US,Remoto,US,M
MI,24,90000,US,Remoto,US,M
SE,24,68293,ES,Presencial,ES,M
SE,24,36773,ES,Presencial,ES,M
SE,24,145000,US,Presencial,US,M
SE,24,115000,US,Presencial,US,M
MI,38,165000,US,Presencial,US,M
MI,38,135000,US,Presencial,US,M
SE,24,168400,US,Presencial,US,M
SE,24,105200,US,Presencial,US,M
MI,40,86193,GB,Remoto,GB,M
MI,40,49253,GB,Remoto,GB,M
SE,24,200000,US,Presencial,US,M
SE,24,160000,US,Presencial,US,M
SE,36,47280,ES,Presencial,ES,M
SE,36,37824,ES,Presencial,ES,M
SE,36,198800,US,Presencial,US,M
SE,36,122600,US,Presencial,US,M
SE,18,130000,US,Presencial,US,M
SE,18,100000,US,Presencial,US,M
MI,2,104663,GB,Presencial,GB,M
MI,2,73880,GB,Presencial,GB,M
SE,24,125000,US,Remoto,US,M
SE,24,110000,US,Remoto,US,M
MI,18,165000,US,Presencial,US,M
MI,18,124000,US,Presencial,US,M
SE,36,148000,US,Remoto,US,M
SE,36,107000,US,Remoto,US,M
MI,18,150000,US,Presencial,US,M
MI,18,100000,US,Presencial,US,M
EN,24,160000,US,Presencial,US,M
EN,24,135000,US,Presencial,US,M
MI,24,120000,US,Presencial,US,M
MI,24,95000,US,Presencial,US,M
SE,24,153600,US,Presencial,US,M
SE,24,106800,US,Presencial,US,M
MI,18,100000,CA,Presencial,CA,M
MI,18,65000,CA,Presencial,CA,M
MI,24,120000,US,Presencial,US,M
MI,24,95000,US,Presencial,US,M
SE,36,168000,US,Remoto,US,M
SE,36,130000,US,Remoto,US,M
SE,36,136000,US,Remoto,US,M
SE,36,104000,US,Remoto,US,M
MI,24,161000,US,Remoto,US,M
MI,24,118000,US,Remoto,US,M
SE,6,205000,US,Remoto,US,M
SE,6,184000,US,Remoto,US,M
SE,36,185900,US,Presencial,US,M
SE,36,129300,US,Presencial,US,M
SE,35,172200,US,Presencial,US,M
SE,18,177000,US,Presencial,US,M
SE,18,131000,US,Presencial,US,M
SE,6,205000,US,Remoto,US,M
SE,6,184000,US,Remoto,US,M
SE,24,146000,US,Presencial,US,M
SE,24,102000,US,Presencial,US,M
SE,18,169000,US,Presencial,US,M
SE,18,110600,US,Presencial,US,M
SE,6,196000,US,Remoto,US,M
SE,24,135000,US,Presencial,US,M
SE,24,100000,US,Presencial,US,M
MI,24,80000,US,Presencial,US,M
MI,24,65000,US,Presencial,US,M
SE,24,135000,US,Presencial,US,M
SE,24,100000,US,Presencial,US,M
SE,24,61566,GB,Remoto,GB,M
SE,24,43096,GB,Remoto,GB,M
MI,24,175000,US,Remoto,US,M
MI,24,135000,US,Remoto,US,M
EN,36,80000,US,Presencial,US,M
SE,24,138750,US,Remoto,US,M
SE,2,193750,US,Remoto,US,M
SE,2,116250,US,Remoto,US,M
SE,24,138750,US,Remoto,US,M
SE,2,138750,US,Remoto,US,M
SE,2,138750,US,Remoto,US,M
SE,24,193750,US,Remoto,US,M
SE,24,116250,US,Remoto,US,M
SE,36,208000,US,Remoto,US,M
SE,36,127000,US,Remoto,US,M
SE,72,196000,US,Remoto,US,M
SE,56,204500,US,Presencial,US,M
SE,56,142200,US,Presencial,US,M
SE,24,185900,US,Presencial,US,M
SE,24,129300,US,Presencial,US,M
SE,36,47280,ES,Presencial,ES,M
SE,36,37824,ES,Presencial,ES,M
SE,56,204500,US,Presencial,US,M
SE,56,142200,US,Presencial,US,M
SE,36,205000,US,Remoto,US,M
SE,36,185000,US,Remoto,US,M
SE,36,185900,US,Presencial,US,M
SE,36,129300,US,Presencial,US,M
SE,56,172200,US,Presencial,US,M
EN,24,160000,US,Presencial,US,M
EN,24,135000,US,Presencial,US,M
MI,18,150000,US,Presencial,US,M
MI,18,100000,US,Presencial,US,M
SE,18,110000,US,Presencial,US,M
SE,18,95000,US,Presencial,US,M
SE,36,185900,US,Presencial,US,M
SE,36,129300,US,Presencial,US,M
SE,6,205000,US,Remoto,US,M
SE,6,184000,US,Remoto,US,M
SE,24,191200,US,Presencial,US,M
SE,24,130000,US,Presencial,US,M
SE,36,156400,US,Presencial,US,M
SE,18,169000,US,Presencial,US,M
SE,18,110600,US,Presencial,US,M
SE,56,204500,US,Presencial,US,M
SE,56,142200,US,Presencial,US,M
MI,56,104663,GB,Presencial,GB,M
MI,56,80036,GB,Presencial,GB,M
SE,36,185900,US,Presencial,US,M
SE,36,129300,US,Presencial,US,M
SE,36,140700,US,Presencial,US,M
SE,36,93800,US,Presencial,US,M
SE,36,135000,US,Remoto,US,M
SE,18,115934,US,Remoto,US,M
SE,18,81666,US,Remoto,US,M
SE,56,201000,US,Presencial,US,M
SE,56,119000,US,Presencial,US,M
SE,24,175000,US,Remoto,US,M
SE,24,150000,US,Remoto,US,M
SE,18,154560,US,Presencial,US,M
SE,18,123648,US,Presencial,US,M
SE,18,130000,US,Presencial,US,M
SE,18,100000,US,Presencial,US,M
MI,24,170000,US,Presencial,US,M
MI,24,145000,US,Presencial,US,M
SE,24,135000,US,Remoto,US,M
SE,24,100000,US,Remoto,US,M
SE,36,172200,US,Presencial,US,M
SE,36,177500,US,Remoto,US,M
SE,36,134000,US,Remoto,US,M
SE,36,185900,US,Presencial,US,M
SE,36,129300,US,Presencial,US,M
SE,23,192564,US,Remoto,US,M
SE,23,144854,US,Remoto,US,M
SE,18,130000,US,Presencial,US,M
SE,18,105000,US,Presencial,US,M
SE,24,179305,US,Remoto,US,M
SE,24,142127,US,Remoto,US,M
SE,36,156600,US,Remoto,US,M
MI,18,206000,US,Presencial,US,M
MI,18,160000,US,Presencial,US,M
MI,18,109000,US,Presencial,US,M
MI,18,79000,US,Presencial,US,M
MI,18,160000,US,Presencial,US,M
MI,18,109000,US,Presencial,US,M
SE,24,182500,US,Remoto,US,M
SE,24,128500,US,Remoto,US,M
MI,24,160000,US,Remoto,US,M
MI,24,90000,US,Remoto,US,M
EN,27,77300,US,Remoto,US,M
EN,27,45600,US,Remoto,US,M
SE,18,127000,US,Remoto,US,M
SE,18,110000,US,Remoto,US,M
SE,23,210000,US,Remoto,US,M
SE,23,136000,US,Remoto,US,M
SE,24,170000,US,Remoto,US,M
SE,24,140000,US,Remoto,US,M
SE,24,172200,US,Presencial,US,M
SE,24,184100,US,Presencial,US,M
MI,56,130000,US,Presencial,US,M
MI,56,90000,US,Presencial,US,M
MI,36,120000,US,Remoto,US,M
MI,36,100000,US,Remoto,US,M
MI,36,85000,US,Remoto,US,M
MI,36,78000,US,Remoto,US,M
SE,24,161000,US,Remoto,US,M
SE,24,110000,US,Remoto,US,M
SE,36,136000,US,Remoto,US,M
SE,36,104000,US,Remoto,US,M
SE,36,47280,ES,Presencial,ES,M
SE,36,37824,ES,Presencial,ES,M
EX,45,205000,US,Presencial,US,M
EX,45,160000,US,Presencial,US,M
SE,18,169000,US,Presencial,US,M
SE,18,110600,US,Presencial,US,M
EN,24,61566,GB,Remoto,GB,M
EN,24,49253,GB,Remoto,GB,M
SE,24,160000,US,Presencial,US,M
SE,24,130000,US,Presencial,US,M
SE,36,180000,US,Presencial,US,M
SE,24,135000,US,Presencial,US,M
SE,24,100000,US,Presencial,US,M
SE,24,220000,US,Presencial,US,M
SE,24,150000,US,Presencial,US,M
SE,36,198440,US,Presencial,US,L
SE,36,144000,US,Presencial,US,L
SE,24,170000,US,Presencial,US,M
SE,36,198440,US,Presencial,US,M
SE,36,144000,US,Presencial,US,M
MI,18,150000,US,Remoto,US,M
MI,18,100000,US,Remoto,US,M
SE,18,120000,US,Presencial,US,M
SE,18,95000,US,Presencial,US,M
MI,36,57872,GB,Hibrido,GB,M
EN,18,64000,US,Remoto,US,L
SE,56,187200,CA,Remoto,CA,M
SE,56,116100,CA,Remoto,CA,M
SE,18,150000,US,Presencial,US,M
SE,18,127000,US,Presencial,US,M
SE,24,166000,US,Remoto,US,M
SE,36,159699,US,Presencial,US,M
SE,36,138938,US,Presencial,US,M
EN,7,76000,US,Hibrido,US,L
SE,18,166700,US,Presencial,US,M
SE,18,119000,US,Presencial,US,M
SE,18,130000,US,Presencial,US,M
SE,18,100000,US,Presencial,US,M
SE,2,103432,GB,Presencial,GB,M
SE,2,92350,GB,Presencial,GB,M
SE,18,80000,US,Presencial,US,M
SE,18,52500,US,Presencial,US,M
SE,24,182000,US,Remoto,US,M
SE,36,180000,US,Remoto,US,M
SE,36,140000,US,Remoto,US,M
SE,36,156400,US,Presencial,US,M
SE,18,135000,US,Remoto,US,M
SE,18,100000,US,Remoto,US,M
SE,56,204500,US,Presencial,US,M
SE,56,142200,US,Presencial,US,M
SE,24,130000,US,Presencial,US,M
SE,24,195000,US,Remoto,US,M
SE,24,175000,US,Remoto,US,M
SE,24,155000,US,Presencial,US,M
SE,24,110000,US,Presencial,US,M
SE,29,123000,US,Presencial,US,M
SE,29,92250,US,Presencial,US,M
SE,24,170000,US,Presencial,US,M
SE,24,150000,US,Presencial,US,M
MI,53,180000,US,Remoto,US,M
MI,53,100000,US,Remoto,US,M
SE,24,97000,US,Remoto,US,M
SE,24,90000,US,Remoto,US,M
SE,24,200000,US,Presencial,US,M
SE,24,160000,US,Presencial,US,M
SE,56,210000,US,Remoto,US,M
SE,56,180000,US,Remoto,US,M
SE,24,180000,US,Presencial,US,M
EX,2,210000,US,Remoto,US,M
EX,2,157000,US,Remoto,US,M
EN,36,180000,US,Remoto,US,M
EN,36,100000,US,Remoto,US,M
MI,18,80000,US,Presencial,US,M
MI,18,52500,US,Presencial,US,M
SE,23,128000,US,Presencial,US,M
SE,23,81500,US,Presencial,US,M
SE,30,105000,US,Presencial,US,M
SE,30,70000,US,Presencial,US,M
SE,36,175000,US,Presencial,US,M
SE,36,122500,US,Presencial,US,M
SE,24,171000,US,Presencial,US,M
SE,24,117000,US,Presencial,US,M
SE,36,202800,US,Presencial,US,L
SE,36,104300,US,Presencial,US,L
SE,18,50432,ES,Presencial,ES,M
SE,18,36773,ES,Presencial,ES,M
SE,24,197000,US,Presencial,US,M
SE,24,99000,US,Presencial,US,M
SE,24,160000,US,Presencial,US,M
SE,24,110000,US,Presencial,US,M
SE,36,185900,US,Presencial,US,M
SE,36,129300,US,Presencial,US,M
SE,24,170000,US,Presencial,US,M
SE,24,130000,US,Presencial,US,M
SE,18,150000,US,Presencial,US,M
SE,18,95000,US,Presencial,US,M
SE,24,145000,US,Presencial,US,M
SE,24,115000,US,Presencial,US,M
SE,18,175950,US,Remoto,US,M
SE,18,130050,US,Remoto,US,M
SE,24,205600,US,Presencial,US,L
SE,24,105700,US,Presencial,US,L
SE,18,89200,US,Remoto,US,M
EN,36,80000,US,Remoto,US,L
SE,64,200000,GB,Remoto,GB,S
EN,36,73742,CA,Remoto,CA,L
SE,34,165000,US,Hibrido,US,S
EN,36,33246,GB,Hibrido,GB,L
SE,24,185900,US,Presencial,US,M
SE,24,129300,US,Presencial,US,M
SE,18,169000,US,Presencial,US,M
SE,18,110600,US,Presencial,US,M
SE,24,184100,US,Presencial,US,M
SE,36,185900,US,Presencial,US,M
SE,36,129300,US,Presencial,US,M
SE,36,156400,US,Presencial,US,M
SE,36,185900,US,Presencial,US,M
SE,36,129300,US,Presencial,US,M
EN,56,108000,US,Presencial,US,S
SE,36,155000,US,Remoto,US,M
SE,36,38000,US,Remoto,US,M
MI,18,85000,US,Presencial,US,M
MI,18,65000,US,Presencial,US,M
SE,36,155000,US,Remoto,US,M
SE,36,38000,US,Remoto,US,M
MI,24,110820,GB,Presencial,GB,M
MI,24,92350,GB,Presencial,GB,M
SE,36,153600,US,Remoto,US,M
SE,36,106800,US,Remoto,US,M
SE,36,185000,US,Remoto,US,M
SE,36,50000,US,Remoto,US,M
SE,24,185900,US,Presencial,US,M
SE,24,129300,US,Presencial,US,M
SE,36,155000,US,Remoto,US,M
SE,36,38000,US,Remoto,US,M
SE,36,168000,US,Remoto,US,M
SE,36,130000,US,Remoto,US,M
SE,36,123400,US,Presencial,US,M
SE,36,88100,US,Presencial,US,M
SE,36,120000,US,Remoto,US,S
SE,36,55000,US,Remoto,US,S
SE,36,185900,US,Presencial,US,M
SE,36,129300,US,Presencial,US,M
SE,24,191200,US,Presencial,US,M
SE,24,130000,US,Presencial,US,M
SE,18,169000,US,Presencial,US,M
SE,18,110600,US,Presencial,US,M
SE,2,150000,US,Presencial,US,M
SE,2,120000,US,Presencial,US,M
SE,32,139000,US,Presencial,US,M
SE,32,122000,US,Presencial,US,M
SE,36,185900,US,Presencial,US,M
SE,36,129300,US,Presencial,US,M
SE,18,139600,US,Presencial,US,M
SE,18,85700,US,Presencial,US,M
SE,24,185000,US,Remoto,US,M
SE,24,50000,US,Remoto,US,M
SE,24,185900,US,Presencial,US,M
SE,24,129300,US,Presencial,US,M
SE,36,156400,US,Presencial,US,M
SE,36,200000,US,Remoto,US,M
SE,36,175000,US,Remoto,US,M
SE,24,185900,US,Presencial,US,M
SE,24,129300,US,Presencial,US,M
MI,53,148500,US,Remoto,US,L
MI,53,98200,US,Remoto,US,L
SE,18,115000,US,Remoto,US,M
SE,18,95000,US,Remoto,US,M
SE,23,66000,US,Remoto,US,M
SE,36,185000,US,Remoto,US,M
SE,36,50000,US,Remoto,US,M
SE,36,47280,ES,Presencial,ES,M
SE,36,37824,ES,Presencial,ES,M
MI,27,134000,US,Presencial,US,M
MI,27,98000,US,Presencial,US,M
MI,18,105000,US,Presencial,US,M
MI,18,62000,US,Presencial,US,M
EN,8,57000,US,Remoto,US,L
SE,12,161311,CA,Hibrido,CA,M
MI,36,144200,US,Remoto,US,M
MI,36,115360,US,Remoto,US,M
SE,67,38154,IN,Remoto,IN,L
SE,24,170000,US,Remoto,US,M
SE,24,150000,US,Remoto,US,M
SE,23,180000,US,Remoto,US,M
SE,23,160000,US,Remoto,US,M
MI,36,108000,US,Hibrido,US,L
SE,58,200000,US,Remoto,US,M
SE,58,150000,US,Remoto,US,M
EX,27,125976,CA,Hibrido,CA,L
SE,24,188700,US,Remoto,US,M
SE,24,160395,US,Remoto,US,M
SE,18,115934,US,Remoto,US,M
SE,18,81666,US,Remoto,US,M
SE,36,198440,US,Remoto,US,M
SE,36,144000,US,Remoto,US,M
SE,6,191475,US,Remoto,US,M
SE,6,141525,US,Remoto,US,M
SE,18,50432,ES,Presencial,ES,M
SE,18,36773,ES,Presencial,ES,M
SE,51,156868,US,Remoto,US,L
SE,36,198440,US,Presencial,US,L
SE,36,144000,US,Presencial,US,L
SE,24,200000,US,Remoto,US,M
SE,24,180000,US,Remoto,US,M
MI,2,108000,US,Remoto,US,M
MI,2,85000,US,Remoto,US,M
SE,56,210000,US,Remoto,US,M
SE,56,180000,US,Remoto,US,M
SE,24,165000,US,Remoto,US,M
SE,24,132000,US,Remoto,US,M
SE,2,130000,US,Remoto,US,M
SE,2,110000,US,Remoto,US,M
MI,20,135000,US,Remoto,US,L
SE,24,178800,US,Remoto,US,L
SE,24,132100,US,Remoto,US,L
EN,18,20000,CR,Hibrido,US,M
SE,56,140000,CA,Presencial,CA,M
SE,56,110000,CA,Presencial,CA,M
SE,24,160000,US,Remoto,US,M
SE,24,85000,US,Remoto,US,M
SE,42,63000,US,Remoto,US,M
EX,24,187200,US,Remoto,US,M
EX,24,116100,US,Remoto,US,M
SE,24,200000,US,Remoto,US,M
SE,24,145000,US,Remoto,US,M
SE,24,154545,US,Presencial,US,L
SE,36,215000,US,Presencial,US,L
SE,36,159000,US,Presencial,US,L
SE,24,154545,US,Presencial,US,L
EN,1,50000,US,Remoto,US,M
SE,37,183000,US,Remoto,US,L
SE,18,99750,US,Remoto,US,M
SE,18,68400,US,Remoto,US,M
SE,36,159200,US,Remoto,US,L
SE,35,179775,US,Remoto,US,M
SE,24,175000,US,Remoto,US,M
SE,24,150000,US,Remoto,US,M
SE,56,210000,US,Remoto,US,M
SE,56,180000,US,Remoto,US,M
SE,36,148000,US,Remoto,US,M
SE,36,128000,US,Remoto,US,M
SE,23,190000,US,Remoto,US,M
SE,23,135000,US,Remoto,US,M
SE,2,130000,US,Remoto,US,M
SE,2,110000,US,Remoto,US,M
SE,36,191475,US,Remoto,US,M
SE,36,141525,US,Remoto,US,M
SE,24,160000,US,Remoto,US,M
SE,24,85000,US,Remoto,US,M
SE,36,218000,US,Presencial,US,M
SE,36,145300,US,Presencial,US,M
SE,53,195400,US,Remoto,US,L
SE,53,131300,US,Remoto,US,L
EN,38,105000,CL,Remoto,US,L
SE,36,191475,US,Remoto,US,M
SE,36,141525,US,Remoto,US,M
SE,36,207000,US,Remoto,US,M
SE,36,153000,US,Remoto,US,M
SE,36,191475,US,Remoto,US,M
SE,36,141525,US,Remoto,US,M
SE,18,110000,US,Presencial,US,M
SE,18,99000,US,Presencial,US,M
SE,36,191475,US,Remoto,US,M
SE,36,141525,US,Remoto,US,M
SE,36,191475,US,Remoto,US,M
SE,36,141525,US,Remoto,US,M
SE,36,191475,US,Remoto,US,M
SE,36,141525,US,Remoto,US,M
SE,36,207000,US,Remoto,US,M
SE,36,153000,US,Remoto,US,M
SE,36,191475,US,Remoto,US,M
SE,36,141525,US,Remoto,US,M
SE,36,191475,US,Remoto,US,M
SE,36,141525,US,Remoto,US,M
SE,36,191475,US,Remoto,US,M
SE,36,141525,US,Remoto,US,M
SE,24,195700,US,Presencial,US,M
SE,24,130500,US,Presencial,US,M
SE,53,130000,US,Remoto,US,M
SE,53,84000,US,Remoto,US,M
MI,30,100000,US,Remoto,US,M
MI,30,60000,US,Remoto,US,M
MI,24,80036,GB,Remoto,GB,M
MI,24,67723,GB,Remoto,GB,M
SE,24,141300,US,Presencial,US,M
SE,24,102100,US,Presencial,US,M
SE,18,50432,ES,Presencial,ES,M
SE,18,36773,ES,Presencial,ES,M
MI,13,150000,US,Remoto,US,L
MI,36,102200,GB,Remoto,GB,M
EN,36,22892,IN,Hibrido,IN,M
SE,18,144000,US,Remoto,US,M
SE,18,113000,US,Remoto,US,M
EN,1,31520,PT,Remoto,ES,M
SE,23,195400,US,Remoto,US,L
SE,23,131300,US,Remoto,US,L
SE,56,195400,US,Remoto,US,L
SE,56,131300,US,Remoto,US,L
SE,23,195400,US,Remoto,US,L
SE,23,131300,US,Remoto,US,L
SE,23,190000,US,Remoto,US,M
SE,23,135000,US,Remoto,US,M
SE,24,135000,US,Remoto,US,M
SE,24,80000,US,Remoto,US,M
EN,8,8050,IN,Remoto,IN,M
SE,24,160000,US,Remoto,US,M
SE,24,85000,US,Remoto,US,M
SE,24,178800,US,Remoto,US,L
SE,24,132100,US,Remoto,US,L
SE,24,140000,US,Remoto,US,M
SE,24,105000,US,Remoto,US,M
MI,24,80036,GB,Remoto,GB,M
MI,24,67723,GB,Remoto,GB,M
SE,2,190000,US,Remoto,US,M
SE,2,140000,US,Remoto,US,M
MI,30,100000,US,Remoto,US,M
MI,30,60000,US,Remoto,US,M
SE,36,180000,US,Remoto,US,L
SE,36,165000,US,Remoto,US,L
SE,5,108000,US,Presencial,US,L
SE,23,190000,US,Remoto,US,M
SE,23,135000,US,Remoto,US,M
SE,36,179400,US,Presencial,US,M
SE,36,154000,US,Presencial,US,M
SE,61,193900,US,Presencial,US,M
SE,61,129300,US,Presencial,US,M
EX,35,182160,US,Presencial,US,M
MI,24,150000,US,Presencial,US,M
MI,24,100000,US,Presencial,US,M
SE,2,122500,US,Remoto,US,M
SE,2,100000,US,Remoto,US,M
SE,24,193000,ES,Remoto,US,M
EN,36,93000,US,Presencial,US,M
EN,36,73000,US,Presencial,US,M
MI,30,100000,US,Remoto,US,M
MI,30,60000,US,Remoto,US,M
SE,36,136994,US,Remoto,US,M
SE,36,101570,US,Remoto,US,M
SE,42,63000,US,Remoto,US,M
MI,27,134000,US,Presencial,US,M
MI,27,98000,US,Presencial,US,M
SE,36,191475,US,Remoto,US,M
SE,36,141525,US,Remoto,US,M
MI,18,136000,US,Remoto,US,M
MI,18,112000,US,Remoto,US,M
SE,36,172000,US,Remoto,US,M
SE,36,140000,US,Remoto,US,M
SE,24,215000,US,Presencial,US,M
SE,24,164000,US,Presencial,US,M
SE,24,130000,US,Presencial,US,M
SE,24,63000,US,Remoto,US,M
SE,24,180000,US,Remoto,US,M
SE,24,150000,US,Remoto,US,M
SE,24,63000,US,Remoto,US,M
SE,36,191475,US,Remoto,US,M
SE,36,141525,US,Remoto,US,M
MI,18,97500,US,Remoto,US,L
SE,6,212800,US,Remoto,US,M
SE,6,142800,US,Remoto,US,M
EN,18,6359,FR,Remoto,IN,L
SE,36,151800,US,Presencial,US,M
SE,36,130240,US,Presencial,US,M
SE,2,165000,US,Remoto,US,M
SE,2,140250,US,Remoto,US,M
SE,24,135000,US,Presencial,US,M
SE,24,115000,US,Presencial,US,M
SE,36,179400,US,Remoto,US,M
SE,36,154000,US,Remoto,US,M
SE,36,191475,US,Remoto,US,M
SE,36,141525,US,Remoto,US,M
SE,36,191475,US,Remoto,US,M
SE,36,141525,US,Remoto,US,M
SE,36,191475,US,Remoto,US,M
SE,36,141525,US,Remoto,US,M
MI,44,75000,US,Presencial,US,M
MI,24,98506,GB,Remoto,GB,M
MI,24,86193,GB,Remoto,GB,M
MI,24,84053,ES,Remoto,ES,M
MI,24,73546,ES,Remoto,ES,M
SE,36,191475,US,Remoto,US,M
SE,36,141525,US,Remoto,US,M
SE,36,191475,US,Remoto,US,M
SE,36,141525,US,Remoto,US,M
SE,2,102663,GB,Remoto,GB,M
SE,2,80041,GB,Remoto,GB,M
SE,36,191475,US,Remoto,US,M
SE,36,141525,US,Remoto,US,M
SE,24,104611,GB,Remoto,GB,M
SE,24,82280,GB,Remoto,GB,M
SE,36,191475,US,Remoto,US,M
SE,36,141525,US,Remoto,US,M
SE,36,191475,US,Presencial,US,M
SE,36,141525,US,Presencial,US,M
SE,18,115000,US,Presencial,US,L
EN,36,31520,ES,Hibrido,ES,M
SE,29,81000,US,Remoto,US,M
SE,29,66000,US,Remoto,US,M
EN,18,46000,US,Remoto,US,L
EN,24,80000,US,Remoto,US,L
EX,61,200000,US,Remoto,US,S
EX,61,180000,US,Remoto,US,S
EX,1,200000,US,Remoto,US,S
SE,36,204100,US,Presencial,US,M
SE,36,136100,US,Presencial,US,M
SE,2,63000,US,Presencial,US,M
MI,36,118208,GB,Presencial,GB,M
MI,36,110820,GB,Presencial,GB,M
SE,36,191475,US,Remoto,US,M
SE,36,141525,US,Remoto,US,M
SE,36,191475,US,Remoto,US,M
SE,36,141525,US,Remoto,US,M
SE,36,191475,US,Remoto,US,M
SE,36,141525,US,Remoto,US,M
SE,38,95000,US,Remoto,US,M
SE,38,70000,US,Remoto,US,M
MI,5,75000,BO,Remoto,US,M
MI,18,113000,US,Presencial,US,L
SE,36,170000,US,Remoto,US,M
SE,36,130000,US,Remoto,US,M
MI,19,113000,US,Remoto,US,L
MI,70,140000,US,Remoto,US,M
SE,36,175000,US,Presencial,US,M
SE,36,140000,US,Presencial,US,M
SE,2,63000,US,Presencial,US,M
SE,36,160000,US,Presencial,US,L
SE,36,119300,US,Presencial,US,L
MI,72,145000,US,Hibrido,US,L
SE,24,105000,US,Presencial,US,M
SE,24,90000,US,Presencial,US,M
SE,42,146200,US,Remoto,US,M
SE,42,124270,US,Remoto,US,M
MI,36,160000,US,Presencial,US,M
SE,24,185800,CA,Remoto,CA,M
SE,24,137400,CA,Remoto,CA,M
SE,2,180000,US,Presencial,US,M
SE,2,203500,US,Presencial,US,M
SE,2,152000,US,Presencial,US,M
SE,24,63000,US,Presencial,US,M
SE,57,186000,US,Remoto,US,M
SE,57,148800,US,Remoto,US,M
SE,52,95386,IN,Hibrido,IN,L
MI,56,128058,GB,Hibrido,GB,L
EN,36,82000,US,Presencial,US,L
MI,5,173000,US,Hibrido,US,M
SE,36,203500,US,Presencial,US,M
SE,36,152000,US,Presencial,US,M
SE,56,186000,US,Remoto,US,M
SE,56,148800,US,Remoto,US,M
MI,35,158000,US,Remoto,US,M
MI,35,134000,US,Remoto,US,M
SE,36,170000,US,Remoto,US,M
SE,36,120000,US,Remoto,US,M
EX,2,200000,US,Remoto,US,M
EX,2,150000,US,Remoto,US,M
SE,18,216200,US,Presencial,US,M
SE,18,144100,US,Presencial,US,M
SE,42,63000,US,Presencial,US,M
SE,24,135000,US,Remoto,US,M
SE,24,85000,US,Remoto,US,M
SE,56,135000,US,Remoto,US,M
SE,56,85000,US,Remoto,US,M
SE,35,206000,US,Remoto,US,M
SE,35,175100,US,Remoto,US,M
SE,56,189650,US,Presencial,US,M
SE,56,164996,US,Presencial,US,M
SE,23,149040,US,Remoto,US,M
SE,23,113900,US,Remoto,US,M
SE,24,154000,US,Remoto,US,M
SE,24,126000,US,Remoto,US,M
SE,56,200000,US,Remoto,US,L
SE,56,150000,US,Remoto,US,L
SE,24,195700,US,Presencial,US,M
SE,24,130500,US,Presencial,US,M
SE,2,170000,US,Remoto,US,M
SE,2,135000,US,Remoto,US,M
MI,24,98506,GB,Presencial,GB,M
MI,24,73880,GB,Presencial,GB,M
SE,18,117000,US,Remoto,US,M
SE,18,99450,US,Remoto,US,M
SE,56,193900,US,Presencial,US,M
SE,56,129300,US,Presencial,US,M
EN,56,55410,GB,Remoto,GB,S
SE,18,86193,GB,Presencial,GB,M
SE,18,61566,GB,Presencial,GB,M
SE,18,175000,US,Remoto,US,M
SE,18,130000,US,Remoto,US,M
SE,24,188100,US,Presencial,US,M
SE,24,139860,US,Presencial,US,M
SE,56,167100,US,Presencial,US,M
MI,18,5723,IN,Remoto,IN,S
SE,36,123400,US,Presencial,US,M
SE,36,88100,US,Presencial,US,M
SE,36,205000,US,Presencial,US,M
SE,24,141300,US,Presencial,US,M
SE,24,102100,US,Presencial,US,M
SE,23,141300,US,Presencial,US,M
SE,23,102100,US,Presencial,US,M
MI,51,61566,GB,Hibrido,GB,S
SE,23,63000,US,Presencial,US,M
SE,35,189500,US,Remoto,US,L
SE,35,140100,US,Remoto,US,L
SE,24,177600,US,Remoto,US,L
SE,24,131300,US,Remoto,US,L
MI,24,24000,US,Presencial,US,M
MI,24,24000,US,Presencial,US,M
SE,24,63000,US,Presencial,US,M
SE,56,202900,US,Remoto,US,L
SE,56,131300,US,Remoto,US,L
SE,24,145000,US,Remoto,US,M
SE,24,115000,US,Remoto,US,M
EN,56,115000,US,Hibrido,US,L
MI,56,193900,US,Presencial,US,M
MI,56,129300,US,Presencial,US,M
SE,36,180000,US,Remoto,US,L
SE,36,140000,US,Remoto,US,L
MI,18,216200,US,Presencial,US,M
MI,18,144100,US,Presencial,US,M
SE,61,216000,US,Presencial,US,M
SE,61,144000,US,Presencial,US,M
EN,18,150000,US,Remoto,US,L
MI,36,131752,GB,Remoto,GB,M
SE,2,48000,AR,Remoto,US,S
EX,35,175100,US,Presencial,US,M
SE,24,210000,US,Remoto,US,M
SE,24,100000,US,Remoto,US,M
EN,18,55000,US,Remoto,US,S
MI,18,130000,US,Remoto,US,M
SE,5,77119,FR,Remoto,GB,L
SE,24,206699,US,Presencial,US,M
SE,24,99100,US,Presencial,US,M
MI,2,200000,US,Presencial,US,M
MI,2,54000,US,Presencial,US,M
SE,24,63000,US,Presencial,US,M
SE,23,63000,US,Presencial,US,M
SE,24,63000,US,Presencial,US,M
EN,2,130000,US,Hibrido,US,L
SE,24,100000,US,Presencial,US,L
SE,24,80000,US,Presencial,US,L
SE,36,160000,US,Presencial,US,L
SE,36,100000,US,Presencial,US,L
SE,38,221300,US,Remoto,US,L
SE,38,148700,US,Remoto,US,L
EN,56,30000,GB,Remoto,GB,L
MI,24,91118,GB,Presencial,GB,M
MI,24,61566,GB,Presencial,GB,M
SE,35,185400,US,Presencial,US,M
SE,24,170000,US,Remoto,US,M
SE,24,130000,US,Remoto,US,M
MI,36,80036,GB,Hibrido,GB,M
SE,18,128875,US,Remoto,US,M
SE,18,93700,US,Remoto,US,M
SE,56,180000,US,Remoto,US,M
SE,56,100000,US,Remoto,US,M
SE,18,136260,US,Remoto,US,M
SE,18,109280,US,Remoto,US,M
SE,36,160000,US,Remoto,US,L
SE,36,92000,US,Remoto,US,L
SE,24,200000,US,Remoto,US,M
SE,24,160000,US,Remoto,US,M
MI,24,135446,GB,Presencial,GB,M
MI,24,104663,GB,Presencial,GB,M
SE,18,117000,US,Remoto,US,M
SE,18,99450,US,Remoto,US,M
EN,24,129000,US,Remoto,US,L
EN,24,86000,US,Remoto,US,L
SE,36,160000,US,Presencial,US,L
SE,36,119300,US,Presencial,US,L
SE,13,100000,US,Remoto,US,L
MI,1,200000,US,Remoto,US,M
EN,55,180000,US,Remoto,US,L
MI,36,153000,US,Remoto,US,L
SE,24,210000,US,Remoto,US,M
SE,24,100000,US,Remoto,US,M
SE,18,150075,US,Remoto,US,M
SE,18,110925,US,Remoto,US,M
SE,36,160000,US,Remoto,US,L
SE,36,92000,US,Remoto,US,L
SE,56,202900,US,Remoto,US,L
SE,56,131300,US,Remoto,US,L
SE,24,175000,US,Remoto,US,M
SE,24,135000,US,Remoto,US,M
EN,56,83000,US,Presencial,US,L
MI,24,92350,GB,Remoto,GB,M
MI,24,67723,GB,Remoto,GB,M
SE,36,186000,US,Presencial,US,M
SE,36,148800,US,Presencial,US,M
SE,18,112900,US,Presencial,US,M
SE,18,90320,US,Presencial,US,M
SE,53,160000,US,Presencial,US,M
SE,35,200000,US,Remoto,US,M
MI,1,200000,IN,Remoto,US,L
MI,56,116976,GB,Presencial,GB,M
MI,56,92350,GB,Presencial,GB,M
MI,1,120000,US,Presencial,US,M
SE,18,112900,US,Remoto,US,M
SE,18,90320,US,Remoto,US,M
SE,21,145000,US,Remoto,US,M
SE,21,105400,US,Remoto,US,M
MI,24,110820,GB,Presencial,GB,M
MI,24,92350,GB,Presencial,GB,M
SE,36,215300,US,Remoto,US,L
SE,36,158200,US,Remoto,US,L
SE,24,209100,US,Remoto,US,L
SE,24,154600,US,Remoto,US,L
SE,18,115934,US,Presencial,US,M
SE,18,81666,US,Presencial,US,M
SE,24,175000,US,Remoto,US,M
SE,24,155000,US,Remoto,US,M
SE,18,164000,US,Presencial,US,M
SE,18,132000,US,Presencial,US,M
SE,36,170000,US,Remoto,US,M
SE,36,123000,US,Remoto,US,M
SE,56,189650,US,Presencial,US,M
SE,56,164996,US,Presencial,US,M
EX,50,115222,CA,Remoto,CA,S
SE,24,165400,US,Remoto,US,M
SE,24,132320,US,Remoto,US,M
SE,23,208775,US,Remoto,US,M
SE,23,147800,US,Remoto,US,M
SE,24,136994,US,Remoto,US,M
SE,24,101570,US,Remoto,US,M
SE,18,128875,US,Remoto,US,M
SE,18,93700,US,Remoto,US,M
EX,47,76309,IN,Hibrido,IN,L
EN,56,35093,GB,Remoto,GB,L
SE,24,183600,US,Remoto,US,L
SE,24,100800,US,Remoto,US,L
MI,18,49253,GB,Remoto,GB,M
MI,18,36940,GB,Remoto,GB,M
MI,18,42026,ES,Remoto,ES,M
MI,18,31520,ES,Remoto,ES,M
MI,24,84053,ES,Remoto,ES,M
MI,24,73546,ES,Remoto,ES,M
MI,24,98506,GB,Remoto,GB,M
MI,24,86193,GB,Remoto,GB,M
SE,56,189650,US,Presencial,US,M
SE,56,164996,US,Presencial,US,M
MI,24,92350,GB,Remoto,GB,M
MI,24,73880,GB,Remoto,GB,M
SE,36,215300,US,Presencial,US,L
SE,36,140400,US,Presencial,US,L
MI,24,63040,ES,Remoto,ES,M
MI,24,47280,ES,Remoto,ES,M
SE,36,180000,US,Remoto,US,M
MI,36,67723,GB,Presencial,GB,M
MI,36,43096,GB,Presencial,GB,M
MI,24,73880,GB,Remoto,GB,M
MI,24,55410,GB,Remoto,GB,M
MI,24,82900,US,Presencial,US,M
MI,24,63900,US,Presencial,US,M
MI,61,160000,US,Remoto,US,L
MI,61,112300,US,Remoto,US,L
MI,35,159000,US,Remoto,US,M
SE,36,180000,US,Presencial,US,M
SE,36,80000,US,Presencial,US,M
MI,18,58000,US,Presencial,US,S
MI,18,58000,US,Presencial,US,S
SE,24,136000,US,Presencial,US,M
SE,24,108800,US,Presencial,US,M
EX,24,200000,US,Remoto,US,M
MI,36,61566,GB,Presencial,GB,M
MI,36,36940,GB,Presencial,GB,M
MI,24,73880,GB,Presencial,GB,M
MI,24,49253,GB,Presencial,GB,M
SE,36,165220,US,Remoto,US,M
SE,36,120160,US,Remoto,US,M
SE,18,124190,US,Remoto,US,M
SE,18,90320,US,Remoto,US,M
SE,24,181940,US,Presencial,US,M
SE,24,132320,US,Presencial,US,M
SE,24,220110,US,Presencial,US,M
SE,24,160080,US,Presencial,US,M
SE,36,180000,US,Presencial,US,L
SE,36,120000,US,Presencial,US,L
MI,18,126500,US,Presencial,US,M
MI,18,106260,US,Presencial,US,M
SE,18,116000,US,Presencial,US,M
SE,18,99000,US,Presencial,US,M
SE,18,155000,US,Remoto,US,M
SE,18,120600,US,Remoto,US,M
MI,36,130000,US,Presencial,US,M
MI,36,90000,US,Presencial,US,M
MI,24,170000,US,Remoto,US,M
MI,24,150000,US,Remoto,US,M
SE,18,102100,US,Remoto,US,M
SE,18,84900,US,Remoto,US,M
SE,36,136620,US,Remoto,US,M
SE,36,99360,US,Remoto,US,M
SE,36,110820,GB,Presencial,GB,M
SE,36,98506,GB,Presencial,GB,M
SE,36,146000,US,Remoto,US,M
SE,36,123000,US,Remoto,US,M
EN,24,49253,GB,Remoto,GB,M
EN,24,43096,GB,Remoto,GB,M
EX,18,130000,US,Remoto,US,M
EX,18,110000,US,Remoto,US,M
SE,18,170000,US,Remoto,US,M
SE,18,135000,US,Remoto,US,M
SE,35,161342,US,Remoto,US,M
SE,35,137141,US,Remoto,US,M
SE,36,167000,US,Remoto,US,M
SE,36,123000,US,Remoto,US,M
SE,24,73880,GB,Presencial,GB,M
SE,24,61566,GB,Presencial,GB,M
SE,36,211500,US,Remoto,US,M
SE,36,138600,US,Remoto,US,M
SE,23,192400,CA,Remoto,CA,M
SE,23,90700,CA,Remoto,CA,M
SE,18,130000,CA,Remoto,CA,M
SE,18,61300,CA,Remoto,CA,M
SE,18,130000,CA,Remoto,CA,M
SE,18,61300,CA,Remoto,CA,M
SE,24,160000,US,Presencial,US,L
SE,24,113000,US,Presencial,US,L
SE,36,150000,US,Presencial,US,M
SE,36,95550,US,Presencial,US,M
MI,18,167000,US,Remoto,US,M
MI,18,115500,US,Remoto,US,M
SE,18,112900,US,Remoto,US,M
SE,18,90320,US,Remoto,US,M
SE,18,112900,US,Remoto,US,M
SE,18,90320,US,Remoto,US,M
SE,24,165400,US,Remoto,US,M
SE,24,132320,US,Remoto,US,M
SE,24,156600,US,Remoto,US,M
SE,18,136600,US,Remoto,US,M
SE,18,109280,US,Remoto,US,M
SE,24,128875,US,Remoto,US,M
SE,24,93700,US,Remoto,US,M
EX,46,167875,US,Remoto,US,M
EX,2,175000,US,Remoto,US,M
EX,2,135000,US,Remoto,US,M
SE,24,209100,US,Remoto,US,L
SE,24,154600,US,Remoto,US,L
SE,24,180000,US,Remoto,US,M
SE,24,160000,US,Remoto,US,M
SE,36,205300,US,Presencial,US,L
SE,36,140400,US,Presencial,US,L
SE,36,176000,US,Remoto,US,M
SE,36,144000,US,Remoto,US,M
SE,24,200100,US,Remoto,US,M
SE,24,160000,US,Remoto,US,M
SE,24,70500,US,Presencial,US,M
SE,24,54000,US,Presencial,US,M
SE,36,205300,US,Presencial,US,M
SE,36,140400,US,Presencial,US,M
SE,2,205300,US,Presencial,US,M
SE,2,184700,US,Presencial,US,M
SE,24,175100,US,Remoto,US,M
SE,24,140250,US,Remoto,US,M
SE,18,116150,US,Remoto,US,M
SE,18,99050,US,Remoto,US,M
SE,24,145000,US,Remoto,US,M
SE,24,130000,US,Remoto,US,M
SE,18,112900,US,Remoto,US,M
SE,18,90320,US,Remoto,US,M
MI,18,85000,CA,Presencial,CA,M
MI,18,75000,CA,Presencial,CA,M
SE,56,214000,US,Remoto,US,M
SE,56,192600,US,Remoto,US,M
SE,23,213120,US,Remoto,US,M
SE,24,155000,US,Remoto,US,M
SE,24,115000,US,Remoto,US,M
MI,36,141300,US,Presencial,US,M
MI,36,102100,US,Presencial,US,M
SE,18,115934,US,Remoto,US,M
SE,18,81666,US,Remoto,US,M
MI,24,206699,US,Presencial,US,M
MI,24,99100,US,Presencial,US,M
SE,24,130000,US,Remoto,US,M
SE,24,110500,US,Remoto,US,M
MI,18,61566,GB,Presencial,GB,M
MI,18,43096,GB,Presencial,GB,M
SE,18,80000,US,Remoto,US,M
SE,18,60000,US,Remoto,US,M
SE,23,192564,US,Remoto,US,M
SE,23,144854,US,Remoto,US,M
SE,36,150000,US,Remoto,US,M
SE,21,150260,US,Remoto,US,M
SE,21,109280,US,Remoto,US,M
SE,18,170000,US,Remoto,US,M
SE,18,150000,US,Remoto,US,M
MI,36,160000,US,Remoto,US,M
MI,36,130000,US,Remoto,US,M
EN,18,67000,CA,Presencial,CA,M
EN,18,52000,CA,Presencial,CA,M
SE,24,154000,US,Remoto,US,M
SE,24,126000,US,Remoto,US,M
SE,18,129000,US,Presencial,US,M
SE,18,99000,US,Presencial,US,M
SE,36,210000,US,Remoto,US,M
SE,36,140000,US,Remoto,US,M
SE,36,210000,US,Remoto,US,M
SE,36,140000,US,Remoto,US,M
SE,36,210000,US,Remoto,US,M
SE,36,140000,US,Remoto,US,M
SE,18,100000,US,Remoto,US,M
SE,18,69000,US,Remoto,US,M
SE,36,210000,US,Remoto,US,M
SE,36,140000,US,Remoto,US,M
SE,18,150075,US,Remoto,US,M
SE,18,110925,US,Remoto,US,M
SE,24,100000,US,Remoto,US,M
SE,24,25000,US,Remoto,US,M
SE,18,126500,US,Remoto,US,M
SE,18,106260,US,Remoto,US,M
SE,24,220110,US,Remoto,US,M
SE,24,160080,US,Remoto,US,M
SE,18,105000,US,Remoto,US,M
SE,18,100000,US,Remoto,US,M
SE,18,170000,US,Remoto,US,M
SE,18,135000,US,Remoto,US,M
SE,36,140000,US,Remoto,US,M
MI,18,135000,US,Remoto,US,M
MI,18,50000,US,Remoto,US,M
SE,36,220000,US,Remoto,US,M
SE,36,140000,US,Remoto,US,M
MI,36,172386,GB,Presencial,GB,M
MI,36,86193,GB,Presencial,GB,M
SE,56,220000,US,Remoto,US,M
SE,56,120000,US,Remoto,US,M
MI,36,200000,US,Remoto,US,M
MI,36,120000,US,Remoto,US,M
EX,24,216000,US,Remoto,US,M
SE,24,210000,US,Remoto,US,M
SE,24,100000,US,Remoto,US,M
SE,36,185100,US,Remoto,US,M
SE,36,104890,US,Remoto,US,M
SE,24,105000,US,Remoto,US,M
SE,24,80000,US,Remoto,US,M
MI,55,76814,CA,Remoto,CA,M
EX,41,192037,CA,Hibrido,CA,L
MI,56,120000,US,Remoto,US,S
MI,13,17805,IN,Remoto,IN,M
MI,36,30523,IN,Remoto,IN,L
EN,36,17805,IN,Remoto,IN,M
MI,5,75000,BO,Remoto,US,L
MI,3,157000,US,Remoto,US,L
MI,13,69133,CA,Hibrido,CA,L
EN,24,65000,US,Remoto,US,S
MI,36,67597,CA,Remoto,CA,M
SE,45,200000,MY,Remoto,US,M
EN,36,51081,CA,Remoto,CA,L
MI,36,78000,US,Remoto,US,M
SE,24,135000,US,Remoto,US,M
SE,24,115000,US,Remoto,US,M
SE,36,165000,US,Remoto,US,M
MI,61,153000,US,Hibrido,US,M
SE,36,100000,BR,Remoto,US,M
SE,55,76814,CA,Remoto,CA,M
MI,66,75000,CA,Remoto,CA,S
SE,35,152500,US,Remoto,US,M
EN,72,120000,US,Remoto,US,L
MI,36,135000,US,Remoto,US,L
SE,3,177000,US,Remoto,US,L
MI,36,48000,RU,Remoto,US,S
SE,72,144000,US,Hibrido,US,L
EN,44,100000,US,Hibrido,US,L
EN,24,120000,US,Remoto,US,M
EN,16,125000,US,Presencial,US,M
